1,2,3,4,5,6,7,8,9,label
55,0,81,0,-6,11,25,88,64,4
56,0,96,0,52,-4,40,44,4,4
53,9,79,0,42,-2,25,37,12,4
56,0,95,0,52,-3,40,44,4,4
56,0,78,0,42,-2,22,37,14,4
56,0,77,0,18,-18,22,59,38,4
55,0,97,0,46,-2,42,51,8,4
55,0,95,0,44,-12,40,51,12,4
79,0,84,0,-36,-196,4,120,116,5
81,0,84,0,-20,26,3,105,102,5
80,0,84,-1,-28,-24,4,112,108,5
55,0,97,5,46,-19,41,50,8,4
108,3,109,0,72,7,1,36,36,5
85,0,88,7,2,0,3,86,82,5
55,0,78,1,26,0,23,52,30,4
56,3,77,0,-24,0,21,103,82,4
81,0,84,0,-20,-17,4,105,102,5
56,0,95,0,50,-26,39,46,6,4
55,0,77,0,8,-18,22,70,48,4
56,0,97,0,44,6,41,53,12,4
55,0,96,2,46,0,41,50,8,4
56,0,97,3,50,-8,41,48,6,4
55,0,96,-1,38,-1,41,57,16,4
55,0,93,0,42,-20,37,51,14,4
56,0,76,0,-18,-25,20,94,74,4
55,0,77,0,26,2,21,51,30,4
55,0,95,0,38,0,40,57,16,4
56,2,95,0,34,0,40,62,22,4
81,0,84,0,-14,-2,4,100,96,5
80,-4,84,0,-42,0,5,128,124,5
56,0,92,0,52,2,36,40,4,4
55,-1,79,-3,24,-7,23,55,32,4
55,0,77,4,0,0,22,77,56,4
56,0,81,0,-18,11,25,99,74,4
81,0,84,0,-20,16,4,105,102,5
56,-1,96,0,52,0,40,44,4,4
55,0,77,3,-24,0,22,103,82,4
56,2,97,0,42,0,40,55,14,4
55,0,96,2,42,-24,41,55,14,4
56,-5,97,0,50,0,41,48,6,4
56,0,77,0,16,-1,22,62,40,4
76,0,81,0,-42,-20,5,125,120,5
82,0,86,0,-10,10,3,96,92,5
106,0,107,0,72,0,1,35,34,5
76,-1,81,0,-42,-3,5,125,120,5
56,0,81,0,-18,24,25,99,74,4
84,-2,88,0,0,0,4,88,84,5
55,0,77,0,12,4,22,65,42,4
55,0,95,0,50,-1,40,46,6,4
55,0,96,1,52,0,41,44,4,4
55,0,76,0,-14,-8,21,92,70,4
55,0,76,-1,-18,0,21,94,74,4
77,4,81,3,-40,10,4,123,118,5
56,0,77,0,20,5,22,57,36,4
55,-1,80,0,-4,5,25,85,60,4
56,7,74,9,-4,-1,18,79,62,4
55,0,95,0,42,-15,40,54,14,4
84,0,86,-1,-2,0,3,89,86,5
55,0,78,0,8,10,23,70,48,4
55,0,77,0,26,-13,21,51,30,4
55,0,77,0,26,19,21,51,30,4
73,8,77,9,-42,-4,4,121,116,5
102,0,102,-5,70,-10,1,33,32,5
105,0,107,2,70,0,1,37,36,5
85,0,88,0,0,-1,3,88,86,5
55,0,82,0,-18,7,26,100,74,4
55,0,82,-7,-24,0,26,108,82,4
55,0,77,5,30,0,22,46,24,4
79,0,83,0,-42,21,4,127,122,5
74,5,79,10,-42,0,4,123,118,5
82,0,86,0,-40,16,4,128,124,5
56,0,81,0,-6,13,25,89,64,4
55,0,77,0,-24,7,21,103,82,4
56,2,97,6,52,0,40,45,4,4
56,0,78,0,6,0,22,73,50,4
80,0,84,6,-36,29,5,121,116,5
55,0,96,0,52,-15,41,44,4,4
56,0,76,0,-14,14,20,92,72,4
55,0,78,0,6,2,23,73,50,4
79,0,83,-1,-40,7,4,124,120,5
55,0,93,-1,10,-3,37,82,46,4
81,5,85,0,-12,0,4,98,94,5
107,5,108,1,72,6,1,36,34,5
55,0,99,8,42,-1,43,57,14,4
56,0,96,0,52,-16,40,44,4,4
55,-2,80,-5,20,-11,25,59,34,4
55,0,79,0,20,9,23,58,34,4
56,0,77,-3,24,0,22,54,32,4
55,0,77,0,28,-4,21,48,28,4
82,0,85,0,-6,5,3,93,90,5
55,0,95,0,46,-3,40,49,8,4
86,2,89,0,8,4,3,81,78,5
55,0,98,0,50,-9,42,49,6,4
56,-2,96,-1,52,0,40,44,4,4
55,0,79,0,20,0,24,59,34,4
55,0,77,0,18,5,22,59,38,4
55,0,83,0,-30,-5,27,114,86,4
55,0,77,0,-2,-8,21,79,58,4
80,0,84,5,-42,0,5,128,124,5
55,0,82,0,-36,-3,26,118,92,4
105,-1,106,-4,70,-5,1,36,36,5
56,0,95,0,46,8,40,49,10,4
56,0,78,-1,44,6,22,34,12,4
55,0,79,0,-4,2,24,85,60,4
55,0,77,0,12,-15,22,65,42,4
55,0,93,8,6,0,38,88,50,4
56,3,77,1,10,9,22,67,46,4
104,0,106,0,72,2,1,33,32,5
80,0,84,0,-36,0,4,120,116,5
56,4,94,0,50,0,38,45,6,4
56,0,77,0,-6,-24,21,85,64,4
81,0,86,0,-22,15,4,109,104,5
55,0,92,0,-6,-14,36,99,64,4
84,2,87,2,-4,0,3,92,88,5
55,0,97,0,52,14,41,45,4,4
55,0,77,0,12,7,21,64,42,4
101,0,102,0,72,8,1,29,28,5
78,1,82,3,-42,0,4,126,122,5
106,-1,108,0,72,3,1,35,34,5
107,1,109,5,72,1,2,36,34,5
56,1,81,0,-10,-16,25,91,66,4
56,0,76,0,-12,25,20,89,68,4
55,0,77,-1,-10,0,21,87,66,4
102,2,103,1,72,29,1,31,30,5
56,0,77,0,46,15,22,31,10,4
79,2,83,0,-46,0,4,129,126,5
55,0,77,0,-18,-12,21,95,74,4
56,-1,95,0,46,1,40,49,10,4
83,0,87,7,-6,-18,4,95,90,5
56,0,97,0,50,13,41,48,6,4
56,0,78,0,10,10,22,68,46,4
55,0,93,0,46,-14,37,46,8,4
55,0,92,-6,-2,-30,36,94,58,4
56,0,96,1,44,8,40,52,12,4
56,0,95,0,46,-11,40,49,10,4
55,0,93,0,50,1,37,44,6,4
82,0,86,8,-10,14,4,97,92,5
55,0,77,0,-2,-7,21,79,58,4
105,-4,106,0,72,6,1,34,32,5
85,-7,89,0,8,0,4,81,78,5
55,0,79,0,2,-26,23,76,52,4
56,1,80,5,-4,0,24,85,62,4
55,0,92,0,8,-27,37,84,48,4
82,3,86,-2,-10,14,3,96,92,5
55,0,78,0,44,-4,23,34,12,4
55,-2,99,0,50,0,43,49,6,4
79,2,83,0,-40,15,4,124,120,5
55,0,97,0,46,20,41,50,8,4
56,0,81,0,-10,-12,25,92,66,4
56,0,78,0,10,-16,22,68,46,4
56,0,76,0,-12,-23,20,89,68,4
82,0,86,0,-4,-10,3,91,88,5
55,0,92,0,28,-12,36,63,28,4
56,0,79,0,12,-2,23,66,42,4
56,0,95,0,52,10,40,44,4,4
56,0,79,0,0,13,24,79,56,4
102,0,103,2,72,30,1,31,30,5
102,0,103,0,70,-26,1,33,32,5
83,0,86,0,-6,0,3,94,90,5
76,3,80,2,-42,0,4,124,120,5
56,1,97,0,50,0,41,48,6,4
55,-1,79,-3,20,-15,24,59,34,4
56,0,95,0,44,13,40,51,12,4
102,0,104,0,70,-10,1,34,32,5
85,-2,89,0,2,-4,4,86,82,5
56,0,81,0,6,20,25,75,50,4
55,-4,81,0,-4,2,26,86,60,4
79,0,83,0,-42,1,4,127,122,5
55,-5,95,0,46,0,40,49,8,4
56,0,77,0,-12,4,21,90,68,4
55,0,96,0,44,-9,41,52,12,4
55,0,96,0,46,-8,41,50,8,4
80,0,84,0,-24,14,4,110,106,5
56,0,97,-1,46,-5,41,51,10,4
56,0,96,-2,50,-6,40,47,6,4
56,4,76,-1,-18,-10,20,94,74,4
56,4,98,0,42,-5,42,57,14,4
55,0,77,0,36,-2,22,41,20,4
55,0,79,0,10,15,23,68,46,4
55,-2,95,0,46,-1,40,49,8,4
55,0,78,3,46,0,23,32,8,4
55,0,81,-3,-12,0,26,94,68,4
55,0,79,0,12,-3,23,66,42,4
56,0,81,2,-2,0,25,83,58,4
102,-5,104,-2,72,16,1,31,30,5
56,0,78,-2,26,-5,22,52,30,4
53,7,79,0,42,-1,25,37,12,4
55,0,98,0,50,-20,42,49,6,4
56,0,97,0,52,13,41,46,4,4
55,-5,78,0,10,1,23,68,46,4
56,0,78,0,10,9,22,68,46,4
56,0,97,2,44,-6,41,53,12,4
55,0,97,-7,42,0,42,56,14,4
55,0,93,0,38,-3,37,54,16,4
106,-1,107,-6,70,0,1,37,36,5
56,3,98,1,38,-15,42,59,18,4
80,-1,84,-1,-42,4,5,128,124,5
56,0,92,0,46,-15,36,46,10,4
56,0,77,0,0,11,21,77,56,4
56,0,98,0,44,18,42,54,12,4
55,0,95,0,52,12,40,44,4,4
82,0,86,3,-10,-30,4,96,92,5
55,0,80,0,-6,-29,25,88,64,4
55,0,77,0,10,6,22,67,46,4
82,0,86,0,-12,-28,3,99,96,5
56,0,97,0,46,-14,41,50,10,4
55,0,76,0,-18,-19,21,94,74,4
55,0,79,0,26,7,23,53,30,4
56,0,97,0,42,31,41,55,14,4
55,-4,98,-1,46,0,42,51,8,4
56,0,79,0,8,18,24,72,48,4
83,0,86,0,-2,0,3,88,86,5
80,0,84,0,-38,0,4,123,118,5
56,0,98,0,46,1,42,51,10,4
56,-1,97,0,52,5,41,45,4,4
56,-1,97,0,36,-4,41,60,20,4
56,3,76,0,-18,-3,20,94,74,4
79,-5,83,0,-40,0,4,125,120,5
56,2,81,0,-6,-16,25,88,64,4
55,0,79,0,12,7,23,66,42,4
106,0,107,0,72,7,1,35,34,5
56,0,77,0,-20,-19,21,97,76,4
105,-1,106,-3,70,-4,1,36,36,5
81,4,84,0,-24,0,3,110,106,5
56,4,91,0,-4,0,35,96,62,4
80,0,84,-5,-20,0,4,105,100,5
56,0,92,0,50,1,36,43,6,4
55,0,79,0,24,6,23,55,32,4
55,-1,78,0,16,-7,23,63,40,4
55,0,96,0,46,-20,41,50,8,4
56,5,97,0,42,0,40,55,14,4
84,0,87,-5,0,1,3,87,84,5
56,0,96,0,42,18,40,55,14,4
55,0,95,0,42,-4,40,54,14,4
56,0,81,8,-10,0,25,91,66,4
55,0,79,-1,20,-2,23,58,34,4
56,0,96,0,52,-28,40,44,4,4
56,0,77,-5,44,0,22,34,12,4
55,0,93,0,46,-10,37,46,8,4
56,0,92,4,-2,0,36,95,58,4
56,-2,95,-7,42,-10,40,54,14,4
55,0,77,-4,28,-17,21,48,28,4
56,0,81,0,-6,-1,25,88,64,4
56,-2,95,0,52,0,40,44,4,4
80,1,84,0,-24,26,4,110,106,5
55,0,92,-2,36,-13,37,56,20,4
55,0,76,0,-22,-1,21,99,78,4
55,0,77,-1,16,0,21,61,40,4
55,0,98,-1,46,-9,42,51,8,4
56,2,94,0,50,0,38,45,6,4
55,0,95,0,44,-6,40,51,12,4
55,0,97,-1,46,-2,41,50,8,4
56,0,81,0,-4,-6,25,86,62,4
80,0,84,0,-24,24,4,110,106,5
56,0,77,0,-4,20,21,82,62,4
56,3,78,0,8,-8,22,70,48,4
55,-1,97,-3,50,16,42,48,6,4
55,-2,95,0,46,-2,40,49,8,4
56,0,91,0,-4,-18,35,96,62,4
55,0,96,0,42,-13,41,55,14,4
56,0,78,4,44,0,22,34,12,4
82,0,86,5,-6,2,4,94,90,5
55,0,97,0,46,-7,42,51,8,4
55,0,77,-1,20,-3,22,57,34,4
76,0,81,5,-42,-25,5,125,120,5
56,3,81,0,-20,0,25,102,76,4
55,0,78,0,6,22,23,73,50,4
79,0,83,0,-38,13,4,122,118,5
56,0,96,3,42,-20,40,55,14,4
81,5,85,0,-24,0,4,111,108,5
55,0,77,0,8,-14,22,70,48,4
85,-5,88,0,0,-2,3,88,84,5
56,0,79,1,-4,0,24,85,62,4
56,0,78,6,24,0,22,55,32,4
56,0,76,0,-4,46,20,81,62,4
55,0,95,0,42,26,40,54,14,4
85,0,88,0,0,-30,3,88,84,5
56,-2,77,12,0,0,21,77,56,4
55,-2,80,-4,20,-8,25,59,34,4
56,0,95,0,52,12,39,43,4,4
55,0,95,0,50,19,40,46,6,4
79,0,83,0,-42,16,4,127,122,5
55,0,77,0,10,3,22,67,46,4
105,0,107,3,70,0,1,37,36,5
55,0,78,0,6,28,23,73,50,4
81,0,84,0,-18,-15,3,103,100,5
55,0,77,0,38,19,22,39,16,4
82,-1,86,0,-4,-8,3,91,88,5
56,4,98,0,50,0,42,49,6,4
55,0,83,1,-30,8,27,114,86,4
56,0,93,0,50,0,37,44,6,4
56,0,81,0,-10,-7,25,91,66,4
79,0,83,5,-46,0,5,130,126,5
82,-1,86,-3,-40,0,4,128,124,5
56,4,76,-1,-14,26,20,92,72,4
55,-2,91,0,-4,0,35,96,60,4
82,2,86,0,-22,12,4,109,106,5
56,0,98,0,46,9,42,51,10,4
85,0,88,-14,0,0,3,88,84,5
56,0,77,0,24,18,22,54,32,4
56,4,77,1,10,5,22,67,46,4
79,0,83,0,-30,-13,4,114,110,5
102,0,103,1,70,-9,1,33,32,5
55,-1,81,0,-22,-4,26,105,78,4
56,0,77,0,-2,12,21,79,58,4
55,0,94,1,18,-2,39,76,38,4
55,0,95,-6,36,-18,39,59,20,4
55,-3,81,0,-4,11,25,86,60,4
81,0,86,0,-24,-15,4,112,108,5
55,0,77,-1,16,-2,22,62,40,4
55,0,79,0,12,1,23,66,42,4
56,3,98,0,52,2,42,46,4,4
55,0,78,0,2,-12,23,75,52,4
56,3,77,0,0,0,22,77,56,4
82,0,86,0,-12,-1,3,99,96,5
56,0,81,0,-22,0,25,104,80,4
55,0,77,0,26,-9,22,52,30,4
54,-7,74,-17,0,0,20,74,54,4
56,0,99,4,46,0,42,52,10,4
83,-1,87,6,-4,0,4,92,88,5
105,0,106,0,72,0,1,34,34,5
55,0,79,0,24,-4,23,55,32,4
79,0,84,6,-38,0,4,123,118,5
55,0,95,0,50,-13,40,46,6,4
55,0,96,-1,42,0,41,55,14,4
56,0,96,1,38,-12,40,57,18,4
56,0,81,0,-2,0,25,83,58,4
101,0,102,0,72,15,1,30,28,5
56,0,76,0,-14,8,20,92,72,4
55,0,98,0,52,9,42,46,4,4
56,0,96,-1,50,-4,40,47,6,4
55,0,77,0,-20,-18,21,97,76,4
55,0,93,0,52,5,38,42,4,4
56,0,97,0,52,-15,41,46,4,4
55,0,95,7,36,-4,40,59,20,4
83,0,86,0,-4,-2,4,92,88,5
79,0,84,3,-42,-8,4,128,124,5
56,0,79,6,6,0,23,74,50,4
56,1,99,0,50,0,43,50,6,4
56,0,78,6,12,0,22,65,42,4
56,0,79,0,8,4,24,72,48,4
55,0,82,4,-18,-19,26,100,74,4
84,0,87,0,0,3,3,87,84,5
55,0,95,0,46,-24,40,49,8,4
78,0,81,-2,-40,0,4,123,120,5
85,0,88,-1,2,0,3,85,82,5
55,0,98,0,44,-10,42,54,12,4
55,0,79,0,24,-28,23,55,32,4
56,0,95,0,46,20,40,49,10,4
56,0,78,8,0,0,22,78,56,4
55,0,98,0,50,28,42,49,6,4
55,0,81,-2,-14,-27,26,97,70,4
56,1,79,-1,-4,0,24,85,62,4
55,-3,98,0,46,4,42,51,8,4
56,4,74,0,-2,17,18,77,58,4
85,0,88,0,0,-15,3,88,86,5
56,0,81,0,-18,2,25,99,74,4
55,-2,95,0,44,14,40,51,12,4
57,11,73,11,0,3,16,73,56,4
54,-3,76,-21,-2,11,22,79,56,4
56,0,78,5,24,-5,22,55,32,4
56,0,81,0,-20,25,25,102,76,4
78,0,82,-4,-40,0,4,123,120,5
82,0,86,1,-6,2,4,94,90,5
55,0,77,0,8,-1,22,70,48,4
55,0,78,0,16,-6,23,63,40,4
55,0,77,-6,0,0,21,77,56,4
55,0,77,0,42,17,22,36,14,4
56,0,76,0,-4,177,20,81,62,4
55,0,98,8,50,0,42,49,6,4
55,-3,99,0,38,0,43,60,16,4
54,10,95,-2,50,0,41,46,6,4
55,0,77,0,28,3,21,48,28,4
55,0,79,2,24,13,24,56,32,4
55,0,77,0,0,-22,22,77,56,4
56,0,79,6,0,3,24,79,56,4
82,0,86,0,-4,-14,3,91,88,5
56,4,97,-1,46,0,41,51,10,4
80,0,84,0,-36,-2,4,120,116,5
82,0,86,0,-22,6,4,109,106,5
55,0,77,0,12,4,21,64,42,4
55,0,96,0,44,24,41,52,12,4
56,5,95,0,44,-5,39,51,12,4
56,0,76,0,-4,1329,20,81,62,4
56,0,96,6,44,11,40,52,12,4
102,3,103,2,70,-22,1,33,32,5
55,0,97,-2,46,-4,41,50,8,4
55,0,96,2,38,0,41,57,16,4
55,0,96,3,42,-6,41,55,14,4
56,1,78,0,18,31,22,60,38,4
55,0,96,0,44,-13,41,52,12,4
55,0,96,2,42,-19,41,55,14,4
78,1,83,1,-40,13,4,124,120,5
55,-3,93,0,46,0,37,46,8,4
56,1,99,0,50,28,42,49,8,4
83,0,86,8,-2,0,4,89,86,5
55,-1,78,-4,8,-10,23,70,48,4
71,1,75,4,-42,-9,4,119,114,5
55,0,79,0,18,-6,23,61,38,4
56,3,96,2,52,0,40,44,4,4
56,0,97,0,52,-5,41,45,4,4
55,0,97,0,46,-8,41,50,8,4
55,0,95,-3,44,0,40,51,12,4
56,0,95,0,50,-24,40,46,6,4
55,0,78,5,10,1,23,68,46,4
56,0,79,0,0,6,23,79,56,4
79,0,83,0,-46,-2,4,130,126,5
104,4,106,5,72,7,1,33,32,5
121,962,106,-2,34,-3,-15,72,88,5
56,0,81,0,-2,5,25,83,58,4
102,3,102,1,72,14,1,30,30,5
56,0,77,0,-18,-10,21,95,74,4
55,-3,97,0,52,0,42,46,4,4
55,0,78,0,46,10,23,32,8,4
56,0,79,0,16,0,23,63,40,4
56,0,77,0,46,25,22,31,10,4
56,0,77,0,46,30,22,31,10,4
55,0,98,0,50,-10,42,49,6,4
56,0,96,1,34,-8,40,62,22,4
83,3,86,0,-2,0,3,88,86,5
56,0,91,0,2,15,35,88,54,4
55,-1,82,-3,-20,16,26,103,76,4
56,0,95,0,44,15,40,51,12,4
55,0,77,0,16,16,22,62,40,4
82,0,85,0,-10,-18,3,95,92,5
55,0,97,0,50,-25,41,48,6,4
55,0,78,0,10,-2,23,68,46,4
103,5,104,1,72,6,1,31,30,5
85,-2,89,0,2,-6,4,86,82,5
55,0,77,1,-24,-19,21,103,82,4
55,0,77,0,2,-1,22,75,52,4
83,0,86,0,-4,-4,4,92,88,5
56,0,81,0,-18,-6,25,99,74,4
56,4,95,0,44,0,39,51,12,4
55,0,77,0,36,5,22,41,20,4
85,0,89,0,6,30,4,84,80,5
56,0,78,0,8,-15,22,70,48,4
56,0,76,0,-12,5,20,89,68,4
56,0,95,-1,46,6,40,49,10,4
106,1,108,4,70,0,2,38,36,5
55,0,98,0,52,-6,42,46,4,4
55,0,77,0,-10,-1,21,87,66,4
55,0,79,0,24,-2,23,55,32,4
83,0,87,0,-40,5,4,128,124,5
55,0,79,0,16,6,23,63,40,4
56,-1,96,-1,52,-1,40,44,4,4
74,-11,79,-9,-40,5,4,120,116,5
102,2,103,2,72,13,1,31,30,5
56,0,79,0,8,12,24,72,48,4
56,0,77,0,-10,-4,21,87,66,4
56,2,79,0,6,0,23,74,50,4
56,1,96,0,42,29,40,55,14,4
56,0,78,1,-2,-23,22,81,58,4
56,0,97,0,52,-18,40,45,4,4
55,0,94,2,18,-3,39,76,38,4
55,0,97,0,44,-10,41,53,12,4
76,1,81,1,-42,-19,5,125,120,5
55,0,77,0,24,-12,21,54,32,4
55,0,79,-1,-4,0,24,85,60,4
55,-4,78,2,24,0,23,55,32,4
101,0,102,0,70,-20,1,32,32,5
55,0,82,-1,-32,-6,26,115,90,4
56,0,81,-1,-12,-12,25,94,68,4
56,0,81,0,-10,-6,25,92,66,4
56,0,78,-1,6,0,22,73,50,4
80,0,84,0,-40,26,4,125,122,5
55,0,79,0,26,19,23,53,30,4
56,0,96,0,34,-12,40,62,22,4
56,0,78,0,6,-1,22,73,50,4
55,0,77,0,0,0,21,77,56,4
83,0,86,-2,-4,2,3,92,88,5
81,0,84,0,-18,2,4,103,98,5
56,0,77,0,16,-20,22,62,40,4
56,0,97,0,46,3,41,51,10,4
102,0,102,-5,70,-11,1,33,32,5
56,0,95,1,44,10,40,51,12,4
56,2,97,0,52,-3,40,45,4,4
55,0,95,0,46,28,40,49,8,4
79,-1,83,0,-32,132,4,117,112,5
55,-2,98,0,46,12,42,51,8,4
56,0,78,9,0,1,22,78,56,4
55,-1,98,0,52,12,42,46,4,4
56,0,92,8,50,0,36,43,6,4
81,0,84,0,-22,-10,4,108,104,5
79,5,83,0,-46,0,4,129,126,5
55,0,92,0,-4,-3,36,97,60,4
56,0,77,0,-10,0,21,87,66,4
56,0,78,3,24,0,22,55,32,4
56,0,77,0,-20,-3,21,97,76,4
56,0,80,0,-2,-8,24,83,58,4
55,0,82,0,-36,5,26,118,92,4
56,0,91,0,-2,17,35,93,58,4
56,0,77,0,-22,-9,21,100,80,4
56,0,96,0,52,3,40,44,4,4
56,0,96,0,36,13,40,60,20,4
55,0,97,0,44,-7,41,53,12,4
56,-2,99,4,38,-4,43,60,18,4
79,0,84,0,-42,-24,4,128,124,5
55,0,77,0,-6,-8,21,85,64,4
82,0,86,0,-10,29,3,96,92,5
55,0,78,0,6,4,23,73,50,4
56,0,97,6,50,0,41,48,8,4
77,-4,81,0,-40,91,4,123,118,5
55,0,95,0,42,-2,40,54,14,4
105,3,106,1,72,5,1,33,32,5
56,0,96,-1,50,-3,40,47,6,4
55,0,92,0,30,-12,37,61,24,4
81,4,85,8,-24,0,4,111,106,5
55,0,95,2,36,-19,40,59,20,4
55,0,78,0,6,27,23,73,50,4
56,0,81,0,-2,9,25,83,58,4
78,1,83,1,-42,-22,4,126,122,5
107,-2,108,0,70,0,1,38,36,5
85,0,88,-1,6,23,3,83,80,5
55,0,80,0,-6,-30,25,88,64,4
55,0,93,0,12,-25,38,81,42,4
55,0,95,0,46,-13,40,49,8,4
80,0,84,8,-24,8,4,110,106,5
79,0,83,0,-40,-10,4,125,120,5
72,3,76,7,-40,29,4,117,114,5
56,0,96,0,50,-17,40,47,6,4
56,0,95,0,52,12,40,44,4,4
55,0,96,5,38,0,41,57,16,4
55,0,77,0,12,-20,22,65,42,4
55,0,80,1,20,-1,25,59,34,4
55,0,93,0,18,-30,38,75,38,4
55,0,77,0,28,0,22,49,26,4
84,0,87,0,0,2,3,87,84,5
103,6,104,3,72,5,1,32,30,5
56,0,81,-2,-12,-3,25,94,68,4
56,0,96,0,50,-2,40,47,6,4
56,-1,78,-3,8,-9,22,70,48,4
56,0,97,2,52,24,41,46,4,4
55,3,74,1,-4,-1,18,79,60,4
56,1,79,0,16,16,23,63,40,4
55,0,81,-5,-12,0,26,94,68,4
56,5,80,5,20,-11,24,59,36,4
56,0,81,0,-10,-22,25,91,66,4
55,0,77,0,12,6,21,64,42,4
56,0,97,0,52,22,41,45,4,4
79,0,84,0,-36,-1471,4,120,116,5
55,0,77,0,8,-4,22,70,48,4
56,0,96,0,44,-4,40,52,12,4
105,5,106,2,72,8,1,33,32,5
55,0,77,0,-22,-4,21,100,78,4
78,-2,83,0,-40,2,4,124,120,5
55,-1,96,0,52,-4,41,44,4,4
86,4,89,0,8,0,3,81,78,5
106,-4,108,0,72,11,1,35,34,5
55,-1,71,-4,0,0,16,71,56,4
55,0,95,0,42,6,40,54,14,4
105,-5,106,0,70,0,1,36,36,5
55,0,79,0,12,4,23,66,42,4
106,6,108,4,72,10,1,35,34,5
81,0,84,0,-14,26,3,100,96,5
84,1,88,0,0,3,3,88,84,5
77,5,81,4,-40,12,4,123,118,5
55,0,79,4,24,-8,23,55,32,4
84,-4,88,0,6,0,4,83,78,5
76,0,80,-1,-42,-11,4,124,120,5
56,0,97,0,52,-28,41,46,4,4
56,0,95,0,50,-16,39,46,6,4
55,-4,91,0,-4,0,35,96,60,4
56,0,77,0,18,13,22,59,38,4
55,0,92,-4,46,0,37,46,8,4
76,1,80,0,-40,0,4,121,118,5
55,0,79,-7,-4,0,24,85,60,4
82,0,86,0,-22,7,4,109,106,5
84,0,87,-2,0,0,3,87,84,5
55,0,77,0,-2,-17,21,79,58,4
56,-1,97,0,38,0,41,58,18,4
55,0,77,-3,-4,31,21,82,60,4
55,0,96,0,50,16,41,47,6,4
85,2,88,0,0,-30,3,88,86,5
55,0,92,0,10,14,37,82,46,4
56,2,96,3,46,0,40,50,10,4
55,0,96,0,44,19,41,52,12,4
56,-2,97,0,44,1,41,53,12,4
55,1,96,6,50,0,41,47,6,4
79,0,83,0,-38,7,4,122,118,5
56,0,77,5,24,0,22,54,32,4
56,3,96,-2,52,0,40,44,4,4
86,4,89,0,2,-8,3,86,84,5
55,0,78,1,16,-20,23,63,40,4
81,0,86,3,-40,3,5,127,122,5
56,1,98,7,52,0,42,46,4,4
56,9,75,11,-4,0,19,80,62,4
55,0,98,0,52,27,42,46,4,4
79,0,83,-1,-42,-29,4,126,122,5
56,0,78,-1,26,1,22,52,30,4
85,0,88,0,6,4,3,83,80,5
55,0,79,0,12,-10,23,66,42,4
55,0,92,0,28,0,36,63,28,4
87,1,89,0,8,0,2,81,80,5
79,1,83,0,-40,9,4,125,120,5
76,0,81,0,-42,-3,5,125,120,5
56,0,81,0,-18,16,25,99,74,4
55,0,82,0,-38,3,26,121,94,4
56,2,98,0,44,0,42,54,12,4
56,3,98,0,46,24,42,51,10,4
55,-2,77,0,-24,0,21,103,82,4
55,0,92,-2,10,0,37,82,46,4
55,0,92,0,-2,-4,36,94,58,4
102,-1,103,-2,72,22,1,31,30,5
55,0,93,0,46,-27,37,46,8,4
55,0,77,0,6,-13,22,72,50,4
56,0,78,0,0,0,22,78,56,4
55,0,77,0,10,-2,21,66,46,4
104,-1,105,0,72,9,1,33,32,5
56,0,81,0,-14,31,25,97,72,4
56,0,97,0,46,-8,40,50,10,4
56,0,95,1,52,0,40,44,4,4
56,0,92,0,0,31,36,92,56,4
71,-4,75,-2,-42,-16,4,119,114,5
55,0,77,-6,-28,9,21,105,84,4
84,0,88,0,0,24,3,88,84,5
56,0,76,0,-18,-6,20,94,74,4
76,0,80,-1,-42,-13,4,124,120,5
56,0,91,0,-2,3,35,93,58,4
55,0,77,4,10,0,22,67,46,4
56,0,77,2,-4,-4,21,82,62,4
56,0,82,6,-12,-3,26,95,68,4
55,0,93,0,12,3,37,80,42,4
55,0,77,0,24,-26,21,54,32,4
56,4,97,0,50,13,41,48,8,4
55,0,79,-2,20,-17,24,59,34,4
55,0,94,1,18,0,39,76,38,4
56,0,77,0,-20,22,21,97,76,4
105,-14,108,0,70,0,3,38,34,5
104,4,106,4,70,0,1,36,34,5
85,0,88,3,2,0,3,86,82,5
56,0,79,1,8,0,24,72,48,4
71,1,75,0,-42,-5,4,119,114,5
56,0,77,2,-2,-6,21,79,58,4
56,0,77,0,20,16,22,57,36,4
55,0,77,0,-24,21,21,103,82,4
80,5,84,1,-38,-20,4,123,118,5
56,3,95,0,38,0,40,57,18,4
84,0,88,0,-2,-10,3,90,88,5
55,0,78,0,16,7,23,63,40,4
56,0,77,0,18,28,22,59,38,4
80,0,84,0,-24,11,4,110,106,5
56,0,76,0,-4,221,20,81,62,4
102,0,102,0,70,-6,1,33,32,5
55,0,77,0,42,14,22,36,14,4
76,0,81,0,-40,25,5,123,118,5
55,0,77,-5,-10,0,21,87,66,4
55,-1,95,0,52,0,40,44,4,4
105,-2,107,0,72,0,1,35,34,5
84,4,88,0,6,0,4,83,78,5
56,-2,97,0,52,4,41,45,4,4
56,0,78,0,8,19,22,70,48,4
55,0,96,7,50,0,41,47,6,4
56,0,77,0,-20,1,21,97,76,4
55,0,92,0,34,-8,37,59,22,4
55,-5,81,0,-4,2,26,86,60,4
55,0,95,0,46,8,40,49,8,4
56,2,97,-7,52,0,41,46,4,4
56,0,97,0,50,21,40,48,8,4
56,0,97,2,46,0,41,51,10,4
55,0,92,0,46,-1,37,46,8,4
81,-1,84,0,-14,3,4,100,96,5
55,-1,71,-6,0,0,16,71,56,4
56,0,97,0,46,2,41,51,10,4
55,0,77,0,38,2,22,39,16,4
56,0,77,1,-6,0,21,85,64,4
86,3,89,0,2,0,3,86,84,5
81,0,84,0,-14,1,4,100,96,5
81,-1,84,0,-14,5,4,100,96,5
85,0,89,2,2,0,4,86,82,5
101,0,102,0,72,7,1,29,28,5
55,0,78,0,8,17,23,70,48,4
56,0,97,0,52,-16,41,45,4,4
56,-1,97,0,44,-4,41,53,12,4
56,0,92,0,0,9,36,92,56,4
55,0,77,0,16,-16,22,62,40,4
56,0,92,0,52,14,36,40,4,4
56,0,77,0,-18,9,21,95,74,4
56,0,97,0,42,19,41,55,14,4
79,0,84,4,-38,0,4,123,118,5
55,4,77,0,26,-5,22,52,30,4
55,0,78,0,0,-18,23,78,56,4
56,0,95,0,44,2,40,51,12,4
56,1,95,0,34,0,40,62,22,4
55,0,92,-7,0,0,37,92,56,4
55,0,73,-18,-2,-30,18,76,58,4
56,0,79,0,8,-11,23,71,48,4
56,-1,98,0,38,-5,42,59,18,4
56,0,81,-1,-12,-21,25,94,68,4
55,0,98,0,52,-10,42,46,4,4
104,0,105,0,70,-14,1,35,34,5
55,0,77,1,-10,0,21,87,66,4
84,0,88,0,0,5,4,88,84,5
55,0,81,0,-14,3,26,97,70,4
104,4,105,8,70,0,1,35,34,5
56,0,80,2,-2,-11,24,83,58,4
55,0,96,0,44,25,41,52,12,4
55,0,79,2,16,9,23,63,40,4
56,0,98,0,44,11,42,54,12,4
104,3,105,4,70,0,1,35,34,5
55,0,78,0,6,-4,23,73,50,4
56,1,96,4,46,0,40,50,10,4
56,0,97,0,50,20,41,48,6,4
55,0,79,0,10,25,23,68,46,4
85,-1,89,0,2,-4,4,86,82,5
56,0,95,0,46,-22,40,49,10,4
55,0,83,6,-24,0,27,108,82,4
86,-3,89,0,8,0,3,81,78,5
55,0,77,-6,16,0,21,61,40,4
56,1,81,0,-22,-10,25,105,80,4
83,0,86,0,-6,-13,3,94,90,5
83,0,87,8,-4,10,4,92,88,5
55,0,77,0,26,-29,21,51,30,4
55,0,77,0,6,-4,22,72,50,4
55,0,78,0,16,2,23,63,40,4
55,-4,99,7,46,0,43,52,8,4
55,0,97,0,50,-17,41,48,6,4
55,0,96,-1,50,0,41,47,6,4
83,0,86,0,-2,26,4,89,86,5
55,-1,77,-4,16,-9,21,61,40,4
55,0,83,0,-28,-1,27,111,84,4
56,0,98,0,44,-3,42,54,12,4
56,0,96,-1,52,-6,40,44,4,4
82,5,86,0,-12,0,3,99,96,5
77,0,81,6,-42,0,4,125,120,5
55,0,92,0,8,-7,37,84,48,4
56,4,95,0,42,11,39,54,14,4
80,0,84,0,-32,4,4,117,114,5
80,0,84,0,-20,2,4,105,100,5
55,0,95,-1,42,-14,40,54,14,4
83,0,86,0,-4,-13,3,92,88,5
56,1,98,0,46,11,42,51,10,4
55,0,92,0,26,-15,36,66,30,4
79,0,83,0,-30,-11,4,114,110,5
83,0,86,-1,-6,-30,3,94,90,5
56,3,98,4,46,-12,42,51,10,4
85,0,88,0,2,15,3,86,82,5
55,0,77,0,-2,-20,21,79,58,4
56,0,77,0,-22,7,21,100,80,4
56,0,77,0,12,0,22,65,42,4
82,0,86,-1,-40,0,4,128,124,5
55,0,77,0,28,30,21,48,28,4
55,0,76,-1,-22,-3,21,99,78,4
83,0,86,0,-4,15,3,92,88,5
84,0,88,6,-2,0,4,90,86,5
55,-4,81,0,-22,-8,26,105,78,4
55,0,77,0,26,-4,21,51,30,4
55,0,78,3,26,0,23,52,30,4
56,2,97,5,52,0,40,45,4,4
56,0,77,13,-4,0,21,83,62,4
81,0,86,5,-40,5,5,127,122,5
55,0,93,0,46,-9,37,46,8,4
55,0,79,0,20,16,23,58,34,4
80,0,84,-1,-38,-6,4,123,118,5
80,-3,84,-3,-42,9,5,128,124,5
55,0,77,0,-20,-5,21,97,76,4
83,0,86,0,-4,30,3,92,88,5
55,0,98,5,50,0,42,49,6,4
56,0,95,-8,44,-1,39,51,12,4
56,0,97,0,44,27,41,53,12,4
55,0,82,1,-18,-11,26,100,74,4
55,-5,72,-3,0,0,17,72,56,4
107,0,108,-3,70,0,1,38,36,5
55,0,78,0,18,20,23,60,38,4
55,-4,81,0,-4,13,25,86,60,4
55,0,95,-1,52,-18,40,44,4,4
55,0,77,0,-2,6,21,79,58,4
56,0,81,0,-10,-8,25,92,66,4
56,0,81,0,-6,0,25,89,64,4
55,0,92,0,36,-1,37,56,20,4
55,5,77,0,34,0,22,44,22,4
56,1,81,0,-6,-19,25,88,64,4
56,0,77,0,46,2,22,31,10,4
55,0,77,5,-22,0,22,101,78,4
55,0,96,0,46,7,41,50,8,4
102,0,103,5,70,-10,1,33,32,5
55,4,74,1,-4,-2,18,79,60,4
56,0,95,0,50,-21,40,46,6,4
106,0,108,0,72,2,1,35,34,5
106,0,108,-2,70,-2,1,38,36,5
55,0,96,1,46,0,41,50,8,4
79,-3,83,0,-46,0,5,130,126,5
56,0,78,8,10,1,22,68,46,4
53,6,79,0,42,-1,25,37,12,4
56,0,76,0,-18,-14,20,94,74,4
55,0,92,-7,30,-5,36,61,24,4
56,3,77,-2,44,0,22,34,12,4
56,2,77,1,10,8,22,67,46,4
55,0,76,0,-14,15,21,92,70,4
56,4,79,0,-4,0,24,85,62,4
55,0,82,7,-12,0,26,95,68,4
56,1,91,0,-4,0,35,96,62,4
55,0,77,0,16,22,22,62,40,4
56,0,77,0,44,-21,22,34,12,4
82,0,85,-1,-2,9,3,88,84,5
56,0,96,-3,50,-3,40,47,6,4
55,0,77,0,-10,6,21,87,66,4
55,0,78,0,10,-5,23,68,46,4
56,3,98,0,42,0,42,57,14,4
55,0,71,-1,0,0,16,71,56,4
55,-5,80,-7,-2,0,25,83,58,4
83,1,88,0,6,0,5,83,78,5
104,0,104,-7,70,0,1,35,34,5
56,0,78,0,24,-3,22,55,32,4
55,0,77,0,-28,22,22,106,84,4
107,0,108,-2,72,8,1,35,34,5
81,5,84,2,-20,0,4,105,102,5
55,0,96,0,50,9,41,47,6,4
84,0,88,-1,6,-5,5,83,78,5
76,3,81,2,-40,9,5,122,118,5
55,0,79,0,20,-13,24,59,34,4
56,0,81,0,-14,16,25,97,72,4
55,0,95,-7,52,-14,40,44,4,4
83,0,86,0,-2,31,3,89,86,5
55,0,94,5,18,0,39,76,38,4
102,0,102,-3,72,11,1,30,30,5
79,0,83,0,-46,-12,4,130,126,5
55,0,92,0,34,-12,37,59,22,4
56,0,96,6,46,0,40,50,10,4
56,3,97,0,52,17,41,45,4,4
56,0,78,0,24,-9,22,55,32,4
56,5,93,3,46,0,37,46,10,4
56,-1,77,-4,24,-13,22,54,32,4
55,0,78,0,24,-14,23,55,32,4
55,-1,80,0,-10,0,25,90,66,4
81,0,84,0,-14,17,3,100,96,5
55,0,95,0,44,-29,40,51,12,4
80,0,84,0,-32,20,4,117,114,5
55,0,96,0,44,15,41,52,12,4
76,0,80,-2,-42,-8,4,124,120,5
56,0,95,0,42,-20,40,54,14,4
56,0,96,0,38,-23,40,57,18,4
82,0,85,0,-6,8,3,93,90,5
56,0,78,0,10,4,22,68,46,4
55,0,95,0,44,0,40,51,12,4
56,0,95,0,42,-14,40,54,14,4
101,-1,102,0,70,-2,1,33,32,5
55,-1,76,0,-18,-15,21,94,74,4
55,0,96,8,46,0,41,50,8,4
79,0,83,0,-46,-21,4,130,126,5
56,0,97,4,50,-10,41,48,6,4
55,0,77,0,12,19,21,64,42,4
55,-2,98,0,44,-8,42,54,12,4
56,0,81,0,-6,-11,25,88,64,4
55,0,83,1,-24,9,27,108,82,4
56,3,97,0,46,11,41,51,10,4
80,-2,84,-3,-42,-24,4,128,124,5
80,2,84,0,-40,4,4,126,122,5
56,0,92,2,-2,0,36,95,58,4
76,2,81,0,-40,20,4,122,118,5
55,0,98,0,50,-8,42,49,6,4
55,0,95,3,38,12,40,57,16,4
56,0,77,0,-2,8,21,79,58,4
55,0,79,0,12,-17,23,66,42,4
83,0,86,0,-4,27,3,92,88,5
55,0,96,-3,52,0,41,44,4,4
55,0,99,0,50,11,43,49,6,4
55,0,82,-7,-30,5,26,113,86,4
56,2,96,0,52,0,40,44,4,4
76,0,81,4,-40,0,5,122,118,5
56,0,77,0,-20,21,21,97,76,4
77,2,81,0,-42,0,4,125,120,5
55,0,81,0,-6,26,25,88,64,4
55,0,77,0,12,-1,22,65,42,4
56,1,98,0,42,11,42,57,14,4
55,0,77,0,24,-2,21,54,32,4
55,0,98,0,52,-5,42,46,4,4
56,0,97,0,52,4,41,45,4,4
56,0,97,0,52,-12,41,46,4,4
56,0,77,0,44,-12,22,34,12,4
55,-1,98,3,46,-26,42,51,8,4
56,0,79,7,0,0,23,79,56,4
85,0,88,-5,6,2,3,83,80,5
55,0,81,-1,-14,4,26,97,70,4
55,0,93,0,50,-4,38,44,6,4
80,5,84,1,-40,9,4,126,122,5
56,0,92,-1,46,0,36,46,10,4
85,0,88,0,0,-18,3,88,86,5
56,2,78,2,44,0,22,34,12,4
82,0,85,0,-10,-23,3,95,92,5
56,0,97,0,52,31,41,45,4,4
56,0,81,0,-20,-3,25,102,76,4
55,0,92,0,26,-7,36,66,30,4
56,0,80,-3,20,-12,24,59,36,4
56,0,97,0,44,4,41,53,12,4
79,2,83,0,-46,0,4,130,126,5
55,0,95,0,52,-22,40,44,4,4
56,0,97,0,46,7,41,51,10,4
56,0,77,0,24,0,21,54,32,4
80,3,84,0,-38,-21,4,123,118,5
56,0,81,1,-10,-4,25,91,66,4
55,0,93,0,46,-5,37,46,8,4
84,0,88,0,-2,0,3,90,88,5
55,0,76,0,-14,-11,21,92,70,4
81,0,86,5,-24,-6,4,112,108,5
55,0,77,0,18,31,22,59,38,4
84,-4,88,0,2,0,3,85,82,5
55,-1,81,0,-22,-2,26,105,78,4
55,-3,81,0,-22,-6,26,105,78,4
56,0,97,0,36,-10,41,60,20,4
81,0,84,0,-20,17,4,105,102,5
55,0,92,0,24,-2,37,69,32,4
79,1,83,0,-46,0,4,129,126,5
55,0,77,0,10,-14,21,66,46,4
84,-3,88,0,0,1,4,88,84,5
56,0,97,0,52,-22,40,45,4,4
55,0,76,-6,-20,0,21,97,76,4
55,0,78,0,8,11,23,70,48,4
55,-1,81,0,-10,-1,26,92,66,4
55,0,82,0,-42,-12,26,126,100,4
107,0,108,-2,70,0,1,38,36,5
55,0,77,0,16,20,22,62,40,4
123,136,105,0,36,-1,-18,69,86,5
55,0,92,0,26,-6,36,66,30,4
55,0,77,0,26,9,21,51,30,4
55,0,93,0,2,-10,38,91,52,4
55,0,92,0,34,-5,37,59,22,4
55,3,74,-10,-4,-21,19,79,60,4
55,1,96,0,52,0,41,44,4,4
55,0,79,6,20,-21,24,59,34,4
55,-2,97,0,46,0,42,51,8,4
55,0,96,-7,50,0,41,47,6,4
81,0,84,0,-14,-10,3,99,96,5
55,-1,77,0,26,-24,22,52,30,4
84,0,87,0,-4,0,3,92,88,5
55,-1,77,0,16,-1,22,62,40,4
56,-1,78,-3,26,-6,22,52,30,4
79,0,83,2,-42,0,5,127,122,5
55,0,97,0,50,-23,41,48,6,4
53,-19,79,0,0,0,25,79,54,4
72,8,76,5,-42,-8,4,120,116,5
75,2,79,1,-42,0,4,123,118,5
55,0,93,0,52,-4,38,42,4,4
55,0,96,-6,50,0,41,47,6,4
55,0,77,0,36,-7,22,41,20,4
106,0,107,-3,70,0,1,37,36,5
56,-1,97,0,46,-3,41,50,10,4
56,0,81,0,-6,-3,25,89,64,4
55,0,79,0,12,-13,23,66,42,4
56,0,98,0,52,28,42,46,4,4
55,0,95,3,38,22,40,57,16,4
55,0,77,0,6,-14,22,72,50,4
55,0,93,0,2,-8,38,91,52,4
74,11,78,12,-42,-2,4,122,118,5
55,0,77,0,-14,14,21,92,70,4
56,0,78,-6,26,-6,22,52,30,4
56,-1,78,-3,26,-5,22,52,30,4
55,0,78,0,26,8,23,52,30,4
80,4,84,1,-40,7,4,126,122,5
56,0,95,0,50,0,40,46,6,4
55,0,97,0,46,-1,42,51,8,4
55,0,92,0,8,-4,37,84,48,4
55,0,92,4,26,0,37,66,30,4
55,0,77,0,8,7,22,70,48,4
56,0,80,4,-4,0,24,85,62,4
55,0,77,-2,-4,16,21,82,60,4
85,1,88,0,0,0,3,88,86,5
56,0,96,0,38,-2,40,57,18,4
55,-2,97,-2,46,-4,42,51,8,4
55,0,77,0,-28,-9,21,105,84,4
55,0,77,0,-4,-12,21,82,60,4
79,0,83,0,-38,1,4,122,118,5
55,0,95,0,52,-19,40,44,4,4
82,0,86,1,-6,0,4,94,90,5
55,0,81,0,-6,6,25,88,64,4
55,0,95,0,44,-23,40,51,12,4
56,0,96,0,50,0,40,47,6,4
55,0,78,0,18,21,23,60,38,4
79,0,84,8,-42,-21,4,128,124,5
55,0,79,-2,6,-5,23,74,50,4
55,0,95,-5,46,0,40,49,8,4
56,0,97,0,46,0,41,51,10,4
85,0,88,-5,6,0,3,83,80,5
55,0,96,0,50,-17,41,47,6,4
55,0,92,-6,46,0,36,45,8,4
81,-4,86,-4,-40,0,4,127,122,5
56,0,78,0,44,7,22,34,12,4
105,-4,106,0,70,0,1,36,36,5
85,0,89,6,2,0,4,86,82,5
54,8,77,0,-22,0,23,101,78,4
56,0,79,0,12,-1,23,66,42,4
81,0,84,0,-18,4,4,103,98,5
81,0,84,0,-24,0,4,110,106,5
81,-1,84,0,-12,17,4,97,94,5
55,0,78,0,26,10,23,52,30,4
55,0,77,0,38,27,22,39,16,4
56,0,96,-6,50,-9,40,47,6,4
83,0,86,0,-4,-3,4,92,88,5
56,0,76,0,-12,6,20,89,68,4
55,3,71,-2,0,0,16,71,56,4
56,4,95,0,46,0,40,49,10,4
56,0,95,0,46,18,40,49,10,4
55,0,77,0,2,4,22,75,52,4
55,0,95,0,50,18,40,46,6,4
55,0,96,0,38,-7,41,57,16,4
55,0,78,-2,8,-7,23,70,48,4
56,0,96,6,52,0,40,44,4,4
81,0,84,0,-14,5,3,100,96,5
55,0,77,0,-2,-6,21,79,58,4
55,0,92,0,-2,13,36,94,58,4
56,0,78,0,8,-14,22,70,48,4
105,5,106,0,70,0,1,36,36,5
56,0,78,0,44,12,22,34,12,4
101,0,102,1,70,-15,1,33,32,5
56,0,95,0,44,20,40,51,12,4
56,0,76,0,-10,0,20,86,66,4
73,-13,77,-13,-40,2,4,119,114,5
56,0,77,10,-4,0,21,83,62,4
56,0,80,0,-2,-6,24,83,58,4
82,0,86,0,-2,14,3,88,84,5
55,0,77,0,-18,-21,21,95,74,4
55,-3,81,0,-22,-7,26,105,78,4
55,0,83,0,-30,-25,27,114,86,4
56,0,92,6,-2,0,36,95,58,4
55,0,82,0,-40,-19,26,123,96,4
56,0,95,0,52,9,40,44,4,4
55,0,97,4,38,0,41,58,16,4
55,0,92,1,26,9,37,66,30,4
56,5,95,0,50,14,40,46,6,4
55,0,96,0,44,-14,41,52,12,4
55,0,77,0,30,-9,22,46,24,4
55,0,92,0,28,-31,36,63,28,4
56,0,96,4,46,0,40,50,10,4
56,0,77,-4,24,-3,22,54,32,4
104,-2,105,-1,72,5,1,33,32,5
85,4,88,0,6,0,3,83,80,5
79,0,83,0,-38,31,4,122,118,5
78,-1,82,0,-40,0,4,123,120,5
55,0,77,0,6,-2,22,72,50,4
55,-2,99,0,38,0,43,60,16,4
55,0,77,0,-22,17,21,100,78,4
55,0,93,0,16,6,38,78,40,4
84,4,86,0,-2,0,3,89,86,5
55,0,81,0,-22,-27,26,105,78,4
55,0,78,0,6,21,23,73,50,4
56,0,81,-1,-10,29,25,92,66,4
80,3,84,0,-40,5,4,125,122,5
55,6,77,0,-22,0,23,101,78,4
56,0,81,0,-18,31,25,99,74,4
56,0,97,0,52,-3,41,45,4,4
81,1,84,0,-14,-4,3,99,96,5
82,0,87,2,-42,-30,5,131,126,5
107,-5,108,0,70,0,1,38,36,5
80,3,84,0,-28,-10,4,112,108,5
56,0,76,0,-6,1,20,84,64,4
55,0,93,0,20,6,38,73,34,4
56,0,98,0,44,7,42,54,12,4
55,0,95,4,36,-8,40,59,20,4
56,4,77,0,0,1,22,77,56,4
55,0,95,0,38,-30,40,57,16,4
84,0,88,0,0,15,3,88,84,5
55,0,81,-3,-12,9,26,94,68,4
55,0,83,0,-28,-4,27,111,84,4
55,0,83,0,-28,7,27,111,84,4
55,-1,78,0,8,-5,23,70,48,4
55,0,92,0,-2,0,36,94,58,4
56,0,96,0,52,9,40,44,4,4
80,4,84,0,-28,-13,4,112,108,5
55,0,98,-5,46,-19,42,51,8,4
56,0,79,1,12,-6,23,66,42,4
56,0,77,0,-18,-8,21,95,74,4
82,0,85,0,-10,0,3,95,92,5
116,4501,106,-2,30,47,-10,75,84,5
55,0,97,0,50,16,42,48,6,4
55,0,77,0,2,-14,22,75,52,4
56,0,76,0,-14,-7,20,92,72,4
105,0,106,-1,72,1,1,33,32,5
55,0,93,0,0,-12,38,93,56,4
56,0,77,1,-4,-7,21,82,62,4
77,2,82,6,-40,15,5,123,118,5
55,0,97,0,50,27,41,48,6,4
102,0,102,-7,70,-6,1,33,32,5
85,0,88,-2,6,-7,3,83,80,5
55,0,95,1,42,-1,40,54,14,4
55,-3,98,0,38,-8,42,59,16,4
55,0,93,0,6,-3,37,88,50,4
56,1,98,0,52,10,42,46,4,4
55,0,92,0,-2,-3,36,94,58,4
55,0,96,0,50,-5,41,47,6,4
79,0,83,0,-38,20,4,122,118,5
56,0,77,-3,24,-1,22,54,32,4
55,0,81,-4,-14,0,26,97,70,4
79,1,83,0,-42,0,4,127,122,5
80,0,84,0,-42,-9,4,128,124,5
56,0,81,3,-22,0,25,105,80,4
55,5,71,-8,0,0,16,71,56,4
55,0,97,2,50,21,41,48,6,4
56,-2,77,10,0,0,21,77,56,4
105,0,106,-7,72,5,1,33,32,5
55,0,77,-1,24,-3,22,54,32,4
83,0,87,6,-4,0,4,92,88,5
55,-2,98,0,50,-6,42,49,6,4
56,2,99,0,46,-28,42,52,10,4
55,0,79,2,20,-20,24,59,34,4
78,0,83,6,-46,0,4,129,124,5
55,0,93,0,6,-30,37,88,50,4
56,4,95,0,38,-2,39,57,18,4
56,1,98,0,44,22,42,54,12,4
55,0,77,0,-22,-6,21,100,78,4
55,0,82,0,-20,-6,26,103,76,4
83,0,87,0,-40,1,4,128,124,5
56,0,96,2,42,1,40,55,14,4
56,0,82,1,-12,5,26,95,68,4
53,4,77,0,-22,0,25,101,76,4
55,0,77,2,28,0,22,49,26,4
55,0,97,0,46,-2,41,50,8,4
55,0,77,0,-10,17,21,87,66,4
80,0,84,-2,-20,0,4,105,100,5
86,5,89,0,6,28,3,84,80,5
56,0,77,0,-14,4,21,92,72,4
55,0,82,-5,-32,-17,26,115,90,4
56,0,78,0,6,-4,22,73,50,4
55,0,81,0,-4,30,25,86,60,4
56,0,81,0,-14,13,25,97,72,4
55,0,79,0,24,23,24,56,32,4
55,0,76,0,-14,-9,21,92,70,4
56,0,95,0,50,22,40,46,6,4
82,4,86,0,-22,0,4,109,106,5
55,0,82,0,-42,-18,26,126,100,4
80,-2,84,0,-42,0,5,128,124,5
82,0,86,6,-12,0,4,99,94,5
55,0,77,-1,16,-3,22,62,40,4
55,0,95,-2,44,9,40,51,12,4
56,0,97,0,46,4,41,51,10,4
103,-2,104,0,70,0,1,35,34,5
56,0,79,2,-22,0,23,102,80,4
55,0,79,-1,20,-3,24,59,34,4
55,1,77,0,44,3,22,34,12,4
76,-5,81,0,-40,0,5,122,118,5
56,0,95,0,44,11,40,51,12,4
55,0,97,0,50,29,41,48,6,4
56,0,92,0,46,-1,36,46,10,4
55,-5,78,0,16,-1,23,63,40,4
56,0,77,0,-20,-16,21,97,76,4
55,0,76,0,-12,0,21,89,68,4
56,0,97,4,52,0,41,45,4,4
81,0,84,-1,-14,0,3,99,96,5
104,-3,105,0,72,2,1,33,32,5
56,0,98,0,52,18,42,46,4,4
55,0,78,0,2,9,23,75,52,4
56,0,97,-6,50,-13,41,48,6,4
55,0,77,0,36,0,22,41,20,4
55,0,77,0,-24,20,21,103,82,4
84,0,88,-2,0,24,3,88,84,5
107,0,108,-7,70,-24,1,38,36,5
56,0,76,0,-10,-4,20,86,66,4
85,0,88,6,2,0,3,86,82,5
83,-1,86,0,-4,-8,4,92,88,5
56,0,81,0,-4,20,25,86,62,4
56,0,97,0,42,0,41,55,14,4
55,-1,98,0,42,29,42,57,14,4
56,0,97,0,52,26,41,45,4,4
55,0,96,0,42,-17,41,55,14,4
78,1,83,1,-40,10,4,124,120,5
55,-1,77,-3,16,-8,22,62,40,4
56,0,77,0,44,-24,22,34,12,4
56,0,92,0,52,13,36,40,4,4
55,0,77,0,-30,-13,22,108,86,4
55,0,92,0,30,-6,37,61,24,4
55,0,79,0,20,-25,23,58,34,4
102,0,103,1,72,26,1,31,30,5
55,0,96,-1,50,-9,41,47,6,4
76,-3,81,-2,-40,30,5,123,118,5
55,-2,98,0,52,1,42,46,4,4
55,0,95,5,36,-5,40,59,20,4
82,3,86,0,-22,0,4,109,106,5
55,-1,80,-2,20,-5,25,59,34,4
56,0,77,0,20,-6,22,57,36,4
104,0,106,0,72,9,1,33,32,5
55,0,77,-1,28,3,21,48,28,4
74,5,78,6,-42,-1,4,122,118,5
55,0,96,-2,42,-4,41,55,14,4
55,0,95,0,46,12,40,49,8,4
56,0,81,0,-20,-9,25,102,76,4
82,0,86,0,-40,2,5,128,124,5
56,-3,98,0,52,0,42,46,4,4
108,-1,109,0,70,-28,1,39,38,5
55,0,95,0,50,4,40,46,6,4
55,0,83,0,-30,-9,27,114,86,4
56,0,79,6,0,5,23,79,56,4
55,0,77,0,24,-3,21,54,32,4
55,0,97,-5,46,0,41,50,8,4
56,0,78,0,44,27,22,34,12,4
107,4,108,1,72,5,1,36,34,5
55,0,79,0,20,-10,24,59,34,4
55,0,78,0,16,-26,23,63,40,4
55,0,78,0,44,-10,23,34,12,4
79,0,83,0,-30,0,4,114,110,5
55,0,93,0,10,-18,37,82,46,4
55,0,82,0,-36,3,26,118,92,4
56,0,79,1,0,6,23,79,56,4
56,0,95,0,46,9,40,49,10,4
83,2,86,6,-6,0,4,94,90,5
55,0,79,0,18,-7,23,61,38,4
55,0,96,0,52,-5,41,44,4,4
55,0,82,0,-40,20,26,123,96,4
55,0,95,0,38,4,40,57,16,4
55,-1,98,2,52,-13,42,46,4,4
55,0,77,0,44,17,22,34,12,4
56,0,78,0,12,15,22,65,42,4
54,-5,77,-22,-4,-30,23,82,60,4
56,0,97,4,46,0,41,51,10,4
55,-2,98,0,46,7,42,51,8,4
101,3,102,0,70,-18,1,32,32,5
56,0,97,0,52,6,41,45,4,4
55,0,97,4,42,0,41,55,14,4
56,0,95,0,38,-7,40,57,18,4
56,0,77,0,-24,0,21,103,82,4
55,0,92,0,24,-13,37,69,32,4
78,-4,82,0,-46,0,4,128,124,5
56,0,76,0,-4,276,20,81,62,4
56,0,96,-4,50,0,40,47,6,4
55,-1,77,0,34,-4,22,44,22,4
55,0,95,3,50,0,39,46,6,4
55,0,93,2,0,-2,38,93,56,4
55,0,77,0,24,-13,21,54,32,4
56,0,76,0,-4,-4,20,81,62,4
56,2,99,0,50,3,43,49,6,4
56,0,99,-2,50,0,43,50,6,4
56,0,81,0,-4,24,25,86,62,4
79,0,83,-1,-42,0,4,126,122,5
56,0,77,0,-20,25,21,97,76,4
76,-2,81,0,-40,0,4,122,118,5
55,0,79,0,12,-20,23,66,42,4
55,-2,80,0,-2,1,25,83,58,4
55,0,97,-7,46,0,42,51,8,4
105,-1,106,-5,70,-6,1,36,36,5
55,1,77,-2,44,0,22,34,12,4
56,1,92,0,52,-6,36,40,4,4
55,0,79,0,10,-16,23,68,46,4
55,0,77,0,16,-21,22,62,40,4
105,-4,106,-6,72,3,1,33,32,5
85,0,88,0,2,-14,3,86,82,5
56,1,81,0,-10,-20,25,91,66,4
55,0,93,-1,46,-14,37,46,8,4
55,0,92,-1,46,0,36,45,8,4
55,0,80,3,20,0,25,59,34,4
56,0,97,0,46,-21,41,50,10,4
79,0,83,0,-42,0,4,127,122,5
55,0,95,0,44,4,40,51,12,4
56,1,77,-1,44,0,22,34,12,4
55,-3,98,0,46,5,42,51,8,4
55,0,77,0,20,-30,22,57,34,4
55,0,95,-1,44,23,40,51,12,4
55,-1,77,-3,0,20,22,77,56,4
56,0,95,0,52,6,40,44,4,4
85,0,89,5,2,0,4,86,82,5
82,0,86,1,-40,2,5,128,124,5
80,0,84,0,-28,-8,4,112,108,5
56,4,98,0,38,-11,42,59,18,4
55,0,81,-2,-12,9,26,94,68,4
56,0,76,0,-2,2,20,79,58,4
55,0,78,0,2,-1,23,75,52,4
55,0,77,0,-28,-30,21,105,84,4
55,0,93,0,42,-21,37,51,14,4
78,-3,82,0,-46,0,4,128,124,5
56,0,81,1,-6,0,25,89,64,4
55,0,77,0,34,0,22,44,22,4
56,0,76,0,-4,-17,20,81,62,4
56,0,95,0,42,-18,40,54,14,4
56,-4,99,0,46,-7,43,52,10,4
56,-1,97,0,42,0,41,55,14,4
82,0,86,0,-42,-23,4,130,126,5
55,0,77,-2,-22,0,22,100,78,4
56,0,77,-1,24,-3,22,54,32,4
84,3,87,0,-2,0,3,90,86,5
56,0,77,0,-18,1,21,95,74,4
55,0,98,0,42,0,42,57,14,4
56,0,81,0,-10,-22,25,92,66,4
55,0,78,0,44,-24,23,34,12,4
56,0,78,0,10,-10,22,68,46,4
55,0,77,-7,30,0,21,46,24,4
56,0,76,0,-14,-16,20,92,72,4
76,4,81,2,-40,12,5,122,118,5
56,-1,96,7,44,11,40,52,12,4
55,0,96,0,46,8,41,50,8,4
85,0,88,-3,2,0,3,85,82,5
56,0,97,0,46,15,41,50,10,4
55,-1,97,0,42,-1,42,56,14,4
101,4,102,0,70,-19,1,32,32,5
56,0,95,0,52,24,39,43,4,4
55,6,74,2,-4,-20,18,79,60,4
56,0,81,6,-22,0,25,105,80,4
55,0,96,-3,44,0,41,52,12,4
106,0,107,0,72,2,1,35,34,5
55,-1,97,-3,46,-5,41,50,8,4
55,0,93,0,42,-4,37,51,14,4
56,0,97,0,44,-5,41,53,12,4
55,10,95,-1,50,0,41,46,6,4
56,0,96,0,42,24,40,55,14,4
55,-1,78,-6,0,-19,23,78,56,4
77,4,81,0,-40,0,4,123,118,5
55,0,98,1,50,0,42,49,6,4
79,-4,83,-2,-32,509,4,117,112,5
55,0,77,0,26,-20,22,52,30,4
81,-2,86,0,-22,0,4,109,104,5
56,0,96,0,50,-24,40,47,6,4
55,-2,98,0,52,2,42,46,4,4
56,1,97,-1,52,-22,41,46,4,4
55,0,77,0,-24,6,22,103,82,4
55,0,79,0,12,3,23,66,42,4
86,2,89,0,2,-2,3,86,84,5
55,0,77,-5,-22,0,22,100,78,4
56,-2,96,-4,52,0,40,44,4,4
104,0,105,-4,70,-24,1,35,34,5
56,0,92,0,52,0,36,40,4,4
56,1,80,0,20,-9,24,59,36,4
104,0,104,-6,70,0,1,35,34,5
56,0,97,0,46,0,41,50,10,4
56,0,78,0,8,31,22,70,48,4
101,1,102,5,72,8,1,30,28,5
83,0,86,-4,-4,-12,3,91,88,5
84,0,88,0,-2,-8,3,90,88,5
55,0,96,0,50,21,41,47,6,4
56,2,98,0,46,26,42,51,10,4
101,0,102,0,72,12,1,30,28,5
56,0,97,1,50,-7,41,48,6,4
102,0,102,-1,70,-7,1,33,32,5
105,0,106,0,70,0,2,36,34,5
102,-2,104,0,72,12,1,31,30,5
56,0,79,1,0,0,24,79,56,4
55,0,96,0,44,-30,41,52,12,4
56,4,77,-4,44,0,22,34,12,4
55,0,82,0,-12,-11,26,95,68,4
55,-1,96,-3,50,-21,41,47,6,4
82,0,87,4,-40,1,5,128,124,5
55,-2,98,0,50,0,42,49,6,4
56,0,97,-4,50,0,41,48,6,4
56,0,77,0,16,-14,22,62,40,4
55,0,77,0,18,16,22,59,38,4
87,2,89,0,8,0,2,81,80,5
55,0,77,0,-28,-4,21,105,84,4
55,0,80,0,-2,5,25,83,58,4
55,0,97,0,46,5,41,50,8,4
55,0,78,0,6,9,23,73,50,4
56,0,96,8,50,0,40,47,6,4
55,0,98,0,52,12,42,46,4,4
56,0,96,0,50,-10,40,47,6,4
55,0,79,0,8,-12,23,71,48,4
85,0,89,0,2,-6,4,86,82,5
55,-2,96,3,52,0,41,44,4,4
55,-1,91,-2,-4,1,35,96,60,4
56,0,95,0,42,1,40,54,14,4
80,4,84,0,-42,-20,4,128,124,5
55,0,78,-2,42,-1,23,37,14,4
55,0,93,0,2,-5,38,91,52,4
56,0,96,0,52,-2,40,44,4,4
55,0,77,-2,24,-5,21,54,32,4
55,3,77,0,26,-16,22,52,30,4
84,1,88,0,-2,0,3,90,88,5
71,-5,75,-8,-40,2,4,116,112,5
56,0,76,0,-4,141,20,81,62,4
56,0,95,-4,44,0,39,51,12,4
87,0,89,0,8,0,2,81,80,5
56,4,76,0,-18,-12,20,94,74,4
80,0,84,-2,-36,0,4,120,116,5
82,0,86,-1,-10,15,3,96,92,5
81,0,84,0,-20,-13,4,105,102,5
55,0,96,0,44,11,41,52,12,4
56,0,79,0,10,21,23,68,46,4
83,0,87,0,-40,8,4,128,124,5
79,0,83,0,-38,0,4,122,118,5
55,0,95,-1,36,-9,39,59,20,4
55,0,82,0,-24,-30,26,108,82,4
55,-6,75,-22,0,0,20,75,54,4
85,3,88,-2,-2,0,3,90,88,5
55,-1,79,-5,26,-9,23,53,30,4
55,0,77,0,8,-24,21,69,48,4
55,0,95,0,52,8,40,44,4,4
55,0,98,-2,42,0,42,57,14,4
55,0,77,0,-30,-9,22,108,86,4
55,0,79,1,12,-25,23,66,42,4
56,0,78,0,8,27,22,70,48,4
106,1,108,0,70,0,1,38,36,5
55,0,95,-1,36,-2,39,59,20,4
56,0,79,2,16,27,23,63,40,4
55,0,92,4,-4,4,36,97,60,4
106,5,108,3,70,0,1,38,36,5
56,-1,95,-7,44,-4,40,51,12,4
102,0,102,-2,70,-10,1,33,32,5
56,-2,99,5,38,-2,43,60,18,4
55,0,77,0,44,20,22,34,12,4
80,3,83,-2,-28,0,3,112,108,5
78,0,81,-3,-40,0,4,123,120,5
56,0,79,0,16,23,23,63,40,4
56,5,97,0,42,2,41,56,14,4
55,0,79,-2,20,-4,24,59,34,4
55,0,95,1,50,0,40,46,6,4
55,-2,80,0,-4,14,25,85,60,4
56,2,99,0,46,-5,42,52,10,4
55,0,77,0,-10,-10,21,87,66,4
55,0,77,0,-22,0,22,101,78,4
55,-1,77,-3,44,0,22,34,12,4
55,0,77,0,12,-30,22,65,42,4
55,0,77,-1,-28,1,21,105,84,4
55,0,76,0,-14,12,21,92,70,4
56,0,92,0,52,6,36,40,4,4
56,0,96,0,52,-30,40,44,4,4
102,0,103,0,70,-7,1,33,32,5
82,-5,86,-2,-4,-17,3,91,88,5
56,0,97,4,52,25,41,45,4,4
56,0,81,0,-2,-2,25,83,58,4
81,-1,85,0,-40,2,4,126,122,5
55,0,76,0,-18,-23,21,94,74,4
56,0,97,0,50,-25,41,48,6,4
85,0,88,0,2,-16,3,86,82,5
55,-1,99,0,50,8,43,49,6,4
55,0,98,0,42,-6,42,57,14,4
85,0,88,0,0,-23,3,88,86,5
56,0,76,0,-12,7,20,89,68,4
105,1,108,0,70,0,2,38,36,5
56,0,97,2,46,1,41,50,10,4
56,0,97,0,46,5,41,50,10,4
55,0,79,0,18,-22,23,61,38,4
56,-3,97,1,44,9,41,53,12,4
55,0,77,0,-4,2,21,82,60,4
55,0,79,1,24,-8,23,55,32,4
55,0,77,0,42,20,22,36,14,4
56,0,81,0,-10,-5,25,91,66,4
55,0,96,0,46,4,41,50,8,4
55,0,76,0,-18,-6,21,94,74,4
56,-1,95,0,52,-7,40,44,4,4
55,0,96,-1,42,-2,41,55,14,4
55,-3,76,0,-18,-5,21,94,74,4
56,0,81,-1,-10,23,25,92,66,4
56,0,96,0,52,-11,40,44,4,4
80,-1,84,1,-20,0,4,105,100,5
56,0,77,0,-14,-19,21,92,72,4
55,1,79,0,42,-4,24,37,14,4
55,0,95,0,44,6,40,51,12,4
71,2,75,1,-42,-11,4,119,114,5
56,0,95,0,42,22,40,54,14,4
55,0,92,0,8,-2,37,84,48,4
55,-1,96,0,52,0,41,44,4,4
55,0,92,0,30,5,36,61,24,4
55,3,78,-6,42,-1,23,37,14,4
56,0,96,8,34,0,40,62,22,4
83,0,86,0,-6,-14,3,94,90,5
56,5,97,5,52,-3,40,45,4,4
56,0,79,0,10,6,23,68,46,4
56,0,95,0,50,0,39,46,6,4
56,0,96,1,38,-9,40,57,18,4
56,0,97,0,44,23,41,53,12,4
55,0,77,0,-20,-17,21,97,76,4
55,0,79,0,18,-13,23,61,38,4
76,4,82,0,-42,-6,5,126,120,5
56,2,79,0,16,4,23,63,40,4
56,0,79,5,-22,0,24,103,80,4
81,0,84,-5,-14,0,3,99,96,5
56,0,96,0,52,-17,40,44,4,4
56,0,77,0,-18,6,21,95,74,4
103,-5,104,-1,70,0,1,35,34,5
55,0,77,0,-10,12,21,87,66,4
55,0,96,1,42,-15,41,55,14,4
79,0,83,0,-32,22,4,117,112,5
81,5,85,2,-40,3,4,126,122,5
55,0,96,0,52,12,41,44,4,4
104,2,105,0,70,-29,1,35,34,5
56,0,79,0,-2,-22,24,82,58,4
82,3,85,0,-12,0,3,98,94,5
55,0,77,-2,24,-5,22,54,32,4
55,0,93,-4,18,0,38,75,38,4
55,-1,97,-7,50,0,42,48,6,4
56,0,76,0,-12,22,20,89,68,4
55,0,79,-2,26,-5,23,53,30,4
56,0,81,0,-6,5,25,88,64,4
79,2,83,0,-42,0,4,126,122,5
55,0,82,0,-32,-2,26,115,90,4
78,1,81,0,-40,177,4,123,120,5
55,0,77,0,36,16,22,41,20,4
55,0,93,2,38,6,37,54,16,4
55,0,80,0,-10,0,25,90,66,4
77,-2,81,0,-40,47,4,123,118,5
56,0,77,5,-2,0,21,79,58,4
55,0,78,-2,8,-5,23,70,48,4
55,0,77,0,10,15,22,67,46,4
56,0,97,-3,50,0,41,48,6,4
55,-1,77,0,26,-30,22,52,30,4
55,-1,77,0,-22,0,22,100,78,4
56,0,81,0,2,2,25,78,54,4
55,0,78,0,18,0,23,60,38,4
56,0,97,0,52,16,41,45,4,4
56,0,76,0,-14,3,20,92,72,4
56,0,81,0,-10,-13,25,92,66,4
56,0,98,0,50,-17,42,49,8,4
55,0,78,0,16,-7,23,63,40,4
55,0,92,1,26,7,37,66,30,4
56,0,77,0,-12,1,21,90,68,4
56,0,81,0,-18,4,25,99,74,4
82,0,85,0,-6,24,3,93,90,5
79,-1,83,0,-30,0,4,114,110,5
55,0,77,0,0,-12,22,77,56,4
56,2,98,0,52,12,42,46,4,4
102,0,103,2,70,-4,1,33,32,5
55,0,92,0,8,-1,37,84,48,4
53,3,77,0,28,0,23,48,24,4
55,0,93,0,6,14,38,88,50,4
55,0,93,0,2,-19,38,91,52,4
57,3,75,13,0,1,18,75,56,4
82,0,86,0,-12,0,3,99,96,5
55,0,82,6,-14,-2,26,97,70,4
55,0,77,0,10,-30,22,67,46,4
79,-1,83,-7,-40,0,4,125,120,5
55,0,95,0,50,-18,40,46,6,4
56,0,81,0,-6,-18,25,89,64,4
82,0,86,8,-6,7,4,94,90,5
56,0,95,0,46,16,40,49,10,4
55,0,96,0,46,2,41,50,8,4
55,0,76,-5,-20,0,21,97,76,4
56,0,79,0,16,15,23,63,40,4
55,0,93,0,16,-9,38,78,40,4
55,-1,77,0,28,0,22,48,26,4
79,2,83,0,-40,11,4,125,120,5
55,0,98,8,46,0,42,51,8,4
55,-1,78,-3,0,-10,23,78,56,4
56,0,79,-3,8,23,24,72,48,4
79,0,84,3,-42,-6,4,128,124,5
56,0,97,0,52,-11,41,45,4,4
55,-1,98,3,46,-25,42,51,8,4
107,-1,108,0,72,1,1,36,34,5
55,-1,77,-3,-4,25,21,82,60,4
81,-5,84,0,-14,5,4,100,96,5
56,3,97,0,52,0,41,45,4,4
56,-2,95,0,52,-11,40,44,4,4
81,-1,85,0,-12,0,4,98,94,5
55,0,77,-5,28,-15,21,48,28,4
55,0,97,0,50,-18,41,48,6,4
55,0,79,0,20,-11,23,58,34,4
55,-3,77,0,26,-1,22,52,30,4
103,2,104,0,70,0,1,34,34,5
106,-2,108,0,72,7,1,35,34,5
79,0,83,0,-32,68,4,117,112,5
55,0,82,4,-14,14,26,97,70,4
56,0,97,4,44,-2,41,53,12,4
56,0,77,0,-18,13,21,95,74,4
55,0,77,0,28,5,21,48,28,4
55,0,77,0,12,16,21,64,42,4
56,3,78,3,24,0,22,55,32,4
56,0,97,0,46,3,41,50,10,4
56,0,97,0,46,7,41,50,10,4
55,0,79,-1,24,22,24,56,32,4
56,0,96,0,38,-4,40,57,18,4
56,-3,76,5,0,0,20,76,56,4
55,0,93,3,0,0,38,93,56,4
83,-3,87,3,-4,0,4,92,88,5
56,0,97,0,52,-6,40,45,4,4
53,7,77,0,28,0,24,48,24,4
83,-2,86,0,-4,-11,4,92,88,5
102,0,103,0,70,-20,1,33,32,5
82,3,86,6,-40,1,5,128,124,5
56,0,95,0,52,3,39,43,4,4
56,0,77,0,44,-5,22,34,12,4
56,1,77,0,-22,0,22,101,80,4
56,-1,97,-1,46,0,41,51,10,4
55,0,92,0,-6,-1,36,99,64,4
56,0,95,0,42,-29,40,54,14,4
55,0,95,0,46,-23,40,49,8,4
56,0,77,0,-6,-18,21,85,64,4
56,0,93,0,50,0,38,44,6,4
55,0,96,8,50,0,41,47,6,4
56,-2,97,0,44,-21,41,53,12,4
56,-2,99,0,50,8,43,49,6,4
56,0,79,0,12,22,23,66,42,4
56,2,80,0,-10,0,24,90,66,4
56,0,95,-5,44,0,40,51,12,4
55,-1,77,-6,44,0,22,34,12,4
82,0,86,0,-10,13,3,96,92,5
56,0,97,0,44,9,41,53,12,4
55,0,95,0,46,-11,40,49,8,4
56,0,95,0,46,4,40,49,10,4
104,3,105,3,70,0,1,35,34,5
56,0,77,0,-6,20,21,85,64,4
56,0,77,0,-20,-6,21,97,76,4
81,0,84,0,-12,7,3,97,94,5
56,0,79,0,10,9,23,68,46,4
56,0,98,-3,44,5,42,54,12,4
80,1,84,0,-42,-23,4,128,124,5
56,0,95,0,52,1,39,43,4,4
79,0,83,0,-40,-13,4,125,120,5
56,0,91,0,2,17,35,88,54,4
55,0,97,0,46,21,41,50,8,4
81,0,85,-3,-22,0,4,108,104,5
79,0,84,7,-38,0,4,123,118,5
55,0,79,0,6,0,23,74,50,4
81,3,85,0,-40,8,4,126,122,5
56,0,97,3,50,0,41,48,6,4
55,0,97,0,52,7,41,45,4,4
56,0,82,0,-12,0,26,95,68,4
108,0,109,0,72,5,1,36,36,5
85,2,88,4,-2,0,3,91,88,5
82,0,86,0,-12,-4,3,99,96,5
55,0,96,7,42,-11,41,55,14,4
55,-1,96,-4,50,-14,41,47,6,4
56,0,97,3,46,29,41,50,10,4
56,5,98,2,46,0,42,51,10,4
55,0,77,0,-30,-5,22,108,86,4
114,4400,106,50,34,-13,-8,72,80,5
56,0,96,4,44,26,40,52,12,4
56,1,81,0,-6,8,25,88,64,4
56,3,95,0,46,0,40,49,10,4
80,1,84,0,-28,-10,4,112,108,5
107,1,109,6,72,1,2,36,34,5
55,0,92,-2,0,3,36,92,56,4
56,0,92,0,0,12,36,92,56,4
55,-1,79,-6,26,-12,23,53,30,4
79,-2,83,0,-30,0,4,114,110,5
81,0,86,3,-24,-11,4,112,108,5
55,0,95,0,50,-23,40,46,6,4
55,0,93,0,2,-20,38,91,52,4
56,0,98,0,46,8,42,51,10,4
55,0,79,0,18,-28,23,61,38,4
79,0,84,-1,-40,8,4,125,120,5
56,0,95,-7,42,11,40,54,14,4
55,0,93,0,2,0,38,91,52,4
56,1,81,0,-6,14,25,88,64,4
56,0,97,0,50,-29,41,48,6,4
55,0,93,3,44,-1,37,49,12,4
56,0,91,0,2,4,35,88,54,4
56,-1,78,-3,6,-9,22,73,50,4
56,4,97,-1,50,-2,40,48,8,4
55,-1,95,0,50,0,40,46,6,4
56,0,97,6,46,0,41,51,10,4
106,0,108,7,70,0,2,38,36,5
56,0,76,0,-12,-1,20,89,68,4
56,-2,98,-3,38,-1,42,59,18,4
55,0,76,0,-14,-1,21,92,70,4
56,0,78,2,8,-27,22,70,48,4
56,0,97,0,52,30,41,46,4,4
55,-4,77,0,26,0,22,52,30,4
81,0,84,0,-20,5,4,105,102,5
83,0,86,0,-2,21,4,89,86,5
56,3,99,5,46,0,43,52,10,4
76,0,81,-1,-42,-22,5,125,120,5
55,0,78,0,6,-6,23,73,50,4
56,0,91,0,0,-8,35,91,56,4
56,0,77,0,-14,26,21,92,72,4
55,0,96,0,52,9,41,44,4,4
55,1,76,-2,-14,31,21,92,70,4
56,0,78,0,42,-18,22,37,14,4
102,4,103,2,70,-3,1,33,32,5
82,4,86,0,-40,4,4,128,124,5
56,0,77,0,-20,17,21,97,76,4
56,0,96,0,50,-12,40,47,6,4
104,1,106,1,72,7,1,33,32,5
84,0,88,0,-2,-13,3,90,88,5
55,0,76,-2,-22,-5,21,99,78,4
55,0,96,-4,50,0,41,47,6,4
55,0,79,0,18,-8,23,61,38,4
82,0,86,-2,-40,1,4,128,124,5
55,-1,77,0,26,-14,22,52,30,4
56,0,77,0,20,8,22,57,36,4
55,5,77,0,-22,0,21,100,78,4
55,2,95,-2,50,0,41,46,6,4
56,0,95,0,42,24,40,54,14,4
85,0,88,-1,2,-4,3,86,82,5
101,0,102,0,72,2,1,29,28,5
56,0,96,0,50,1,40,47,6,4
56,5,81,0,-20,0,25,102,76,4
56,0,95,5,52,0,40,44,4,4
56,0,76,0,-12,8,20,89,68,4
83,-1,86,-3,-4,0,3,92,88,5
56,2,81,8,-4,0,25,86,62,4
56,0,96,1,46,0,40,50,10,4
55,0,95,0,50,-5,40,46,6,4
79,0,83,5,-40,14,5,125,120,5
81,0,84,0,-12,30,3,97,94,5
56,0,97,-1,52,11,41,45,4,4
55,0,82,0,-42,-15,26,126,100,4
79,0,83,0,-42,24,4,127,122,5
55,0,77,0,26,0,21,51,30,4
56,0,77,0,-20,9,21,97,76,4
56,0,77,0,0,14,21,77,56,4
56,0,76,0,-4,58,20,81,62,4
56,0,95,0,42,-5,40,54,14,4
56,-1,98,5,46,-14,42,51,10,4
55,0,96,0,52,27,41,44,4,4
103,-4,104,0,72,12,1,32,30,5
56,0,76,0,-6,31,20,84,64,4
55,0,96,0,42,-10,41,55,14,4
55,0,92,0,10,9,37,82,46,4
56,0,97,7,50,-3,41,48,6,4
55,0,78,-1,0,0,23,78,56,4
56,0,77,0,-18,-9,21,95,74,4
56,-3,97,0,44,-24,41,53,12,4
55,0,79,0,12,5,23,66,42,4
56,0,78,0,8,-17,22,70,48,4
85,-1,89,0,2,-1,4,86,82,5
55,4,74,-16,-2,5,19,76,58,4
56,0,77,0,-6,18,21,85,64,4
55,-2,96,0,52,-7,41,44,4,4
56,0,95,8,52,0,40,44,4,4
107,1,108,1,72,10,1,36,34,5
78,4,83,5,-42,-17,4,126,122,5
56,4,95,0,46,4,39,49,10,4
56,0,97,0,46,25,41,51,10,4
55,0,77,0,18,-13,22,59,38,4
55,0,99,0,50,13,43,49,6,4
56,0,98,0,50,-27,42,49,6,4
55,-5,79,0,26,0,23,53,30,4
55,-3,99,0,50,1,43,49,6,4
55,0,91,-3,-4,6,35,96,60,4
55,1,95,-3,50,0,40,46,6,4
55,0,79,0,12,-1,23,66,42,4
55,0,95,0,36,-30,40,59,20,4
77,-1,81,0,-40,0,4,123,118,5
55,0,76,-2,-12,-13,21,89,68,4
55,0,96,7,44,0,41,52,12,4
56,5,98,4,50,9,42,49,6,4
55,0,92,-3,46,0,36,45,8,4
55,0,78,0,44,0,23,34,12,4
56,0,77,0,-10,18,21,87,66,4
55,0,79,0,18,-12,23,61,38,4
56,0,76,0,-12,9,20,89,68,4
55,0,95,0,44,-17,40,51,12,4
55,0,82,2,-10,0,26,92,66,4
54,6,79,0,42,0,25,37,12,4
55,0,82,0,-36,-17,26,118,92,4
55,0,96,2,42,-3,41,55,14,4
56,0,96,-2,50,-5,40,47,6,4
105,0,106,-1,70,-1,1,36,36,5
55,0,79,0,16,-9,23,63,40,4
56,-1,98,0,46,0,42,51,10,4
106,0,108,3,70,0,2,38,36,5
56,4,78,0,16,-2,22,63,40,4
56,0,79,0,16,29,23,63,40,4
107,-5,108,-3,72,4,1,36,34,5
56,0,81,0,-14,2,25,97,72,4
56,0,97,-3,52,0,41,45,4,4
81,-3,85,0,-40,4,4,126,122,5
55,0,77,0,-28,-9,22,106,84,4
56,0,78,-4,6,0,22,73,50,4
80,0,84,3,-24,6,4,110,106,5
85,0,88,-1,2,-3,3,86,82,5
102,0,102,-5,70,-3,1,33,32,5
55,0,77,0,-28,-26,22,106,84,4
55,8,95,0,50,0,41,46,6,4
56,1,77,0,10,8,22,67,46,4
56,0,97,1,44,-3,41,53,12,4
56,0,77,0,18,0,22,59,38,4
101,0,102,0,70,-15,1,32,32,5
56,0,77,0,18,15,22,59,38,4
55,0,95,-6,50,0,40,46,6,4
56,-2,96,-3,52,0,40,44,4,4
55,0,95,0,42,-10,40,54,14,4
56,0,97,3,50,-11,41,48,6,4
56,0,96,0,52,-10,40,44,4,4
85,0,89,1,6,20,4,84,80,5
56,1,81,0,-6,0,25,88,64,4
56,0,81,0,-6,-5,25,88,64,4
55,-3,98,0,44,-24,42,54,12,4
102,0,104,5,70,-2,2,34,32,5
56,0,98,0,44,-2,42,54,12,4
55,0,98,0,52,-20,42,46,4,4
56,0,77,0,24,2,22,54,32,4
55,0,93,0,10,-22,37,82,46,4
56,4,98,0,46,3,42,51,10,4
55,0,79,0,16,3,23,63,40,4
106,3,108,2,72,5,1,35,34,5
55,-1,98,0,50,-11,42,49,6,4
56,0,95,1,46,-6,40,49,10,4
56,-1,97,-7,46,0,41,50,10,4
55,0,95,0,38,-8,40,57,16,4
78,0,83,8,-46,0,4,129,124,5
56,0,79,-3,6,-9,24,74,50,4
81,0,85,2,-12,0,4,98,94,5
55,-5,79,-13,-2,0,24,81,58,4
82,-2,86,-1,-40,0,5,128,124,5
84,2,86,-2,-4,0,3,92,88,5
56,0,92,0,50,9,36,43,6,4
55,0,77,2,-20,0,21,97,76,4
82,0,86,0,-10,7,3,96,92,5
80,-1,84,-2,-40,4,4,125,122,5
55,0,77,0,10,-27,22,67,46,4
55,0,77,0,2,-9,22,75,52,4
85,0,88,-4,2,0,3,85,82,5
72,6,76,3,-42,-4,4,119,116,5
55,0,96,-1,52,23,41,44,4,4
102,-1,103,0,72,21,1,31,30,5
55,0,77,0,8,-30,22,70,48,4
55,0,96,0,46,1,41,50,8,4
55,0,95,0,36,25,40,59,20,4
55,0,77,0,12,12,21,64,42,4
55,4,95,-2,50,0,40,46,6,4
56,1,99,0,50,13,42,49,8,4
80,-1,84,0,-42,0,5,128,124,5
55,0,96,0,42,30,41,55,14,4
55,0,93,0,46,-16,37,46,8,4
55,0,77,-4,12,6,21,64,42,4
82,1,86,0,-22,5,4,109,106,5
56,0,96,1,50,1,40,47,6,4
55,0,77,0,26,10,21,51,30,4
56,2,80,0,-2,1,24,83,58,4
56,4,97,-1,42,-1,41,56,14,4
55,1,77,0,44,1,22,34,12,4
84,0,88,-2,6,-7,4,83,78,5
56,0,79,0,10,2,23,68,46,4
55,0,77,-1,12,1,21,64,42,4
56,3,96,0,52,0,40,44,4,4
56,2,97,0,44,23,40,53,12,4
55,0,96,0,52,-1,41,44,4,4
79,0,83,-1,-30,29,4,114,110,5
55,0,79,0,24,7,23,55,32,4
55,0,93,0,0,-24,38,93,56,4
56,1,97,0,52,0,41,45,4,4
55,0,79,4,8,0,23,71,48,4
56,0,95,4,44,0,40,51,12,4
101,0,102,-1,72,0,1,29,28,5
55,0,77,0,-6,-10,21,85,64,4
55,0,96,0,42,-24,41,55,14,4
56,0,77,0,-10,31,21,87,66,4
56,-2,97,2,42,-20,41,56,14,4
55,0,77,0,38,4,22,39,16,4
87,4,89,0,8,2,2,81,78,5
56,0,80,0,-2,-7,24,83,58,4
56,0,95,0,44,-20,40,51,12,4
56,0,79,6,-22,0,23,102,80,4
81,0,85,0,-40,5,4,126,122,5
81,-3,85,-1,-40,5,4,126,122,5
55,0,97,0,50,-30,41,48,6,4
55,0,78,6,24,0,23,55,32,4
55,0,79,3,24,20,24,56,32,4
55,0,93,1,44,0,37,49,12,4
55,0,77,0,30,-5,22,46,24,4
56,0,78,0,10,-6,22,68,46,4
55,0,77,3,-20,0,21,97,76,4
55,0,77,0,12,21,21,64,42,4
55,0,77,0,-30,-7,22,108,86,4
101,0,102,0,72,6,1,29,28,5
55,0,79,7,12,0,23,66,42,4
56,0,78,0,26,7,22,52,30,4
55,0,92,0,28,9,36,63,28,4
56,0,91,0,-2,4,35,93,58,4
56,0,77,0,10,7,22,67,46,4
56,0,81,6,-10,-7,25,92,66,4
55,-2,98,0,44,0,42,54,12,4
56,0,99,-4,50,0,43,50,6,4
55,-1,97,-1,46,-2,42,51,8,4
78,2,82,5,-42,0,4,126,122,5
56,5,98,6,46,-10,42,51,10,4
56,0,79,0,16,24,23,63,40,4
55,0,77,0,-10,-8,21,87,66,4
55,0,78,0,16,1,23,63,40,4
55,0,95,1,44,16,40,51,12,4
56,0,92,3,50,0,36,43,6,4
55,0,77,1,-30,-17,22,108,86,4
85,0,88,-36,0,0,3,88,84,5
106,5,107,0,70,0,1,37,36,5
55,0,95,0,38,-4,40,57,16,4
55,0,79,0,8,-30,23,71,48,4
55,0,98,0,42,-7,42,57,14,4
55,0,95,0,38,-12,40,57,16,4
55,0,96,0,42,-25,41,55,14,4
55,-5,78,1,44,0,23,34,12,4
106,-1,107,-3,70,0,1,37,36,5
56,0,81,5,-22,0,25,105,80,4
85,0,89,2,2,-6,4,86,82,5
81,-1,84,0,-14,2,4,100,96,5
56,4,97,0,46,-3,41,51,10,4
55,-1,79,0,2,-26,23,76,52,4
56,3,93,1,46,0,37,46,10,4
56,1,96,2,46,0,40,50,10,4
56,0,96,0,36,7,40,60,20,4
55,0,83,2,-24,0,27,108,82,4
104,-4,105,-3,70,-21,1,35,34,5
55,0,96,0,42,-12,41,55,14,4
56,0,81,0,-14,1,25,97,72,4
56,0,81,0,-6,-28,25,89,64,4
55,0,81,0,-10,-2,25,91,66,4
81,1,86,0,-40,3,4,127,122,5
55,0,98,0,52,19,42,46,4,4
55,0,93,0,6,11,38,88,50,4
56,4,98,0,44,-6,42,54,12,4
56,5,97,-2,50,16,41,48,8,4
55,0,83,0,-28,0,27,111,84,4
82,0,86,0,-40,5,4,128,124,5
55,0,77,0,28,9,22,49,26,4
56,0,80,-1,-4,0,24,85,62,4
56,3,98,0,46,6,42,51,10,4
56,-3,96,-3,52,0,40,44,4,4
55,0,77,0,-28,-6,21,105,84,4
56,0,77,0,-24,-3,21,103,82,4
85,0,88,0,0,-11,3,88,86,5
55,0,93,0,6,13,38,88,50,4
105,7,106,2,72,7,1,34,34,5
84,0,88,-2,6,-7,5,83,78,5
104,0,105,-3,70,0,1,35,34,5
55,-2,98,0,46,5,42,51,8,4
55,0,95,0,38,-23,40,57,16,4
79,1,83,6,-42,-20,5,127,122,5
56,0,78,-2,6,-5,22,73,50,4
56,0,78,0,12,12,22,65,42,4
82,0,86,0,-10,12,3,96,92,5
80,0,84,0,-36,-6,4,120,116,5
55,0,95,7,42,0,40,54,14,4
79,0,83,0,-38,15,4,122,118,5
85,0,88,0,6,17,3,83,80,5
56,0,97,0,52,27,41,46,4,4
56,1,77,1,16,0,22,62,40,4
56,-1,95,0,46,26,40,49,10,4
55,0,77,4,-24,0,22,103,82,4
79,0,83,0,-30,14,4,114,110,5
56,-1,97,0,46,4,41,51,10,4
55,-1,98,0,42,-3,42,57,14,4
102,-14,107,0,70,0,5,37,32,5
104,-3,106,0,70,0,1,36,34,5
55,0,93,8,8,0,37,85,48,4
56,1,97,0,46,0,41,50,10,4
103,2,104,1,70,0,1,35,34,5
55,-5,78,0,44,-4,23,34,12,4
71,2,76,5,-42,-7,4,119,116,5
56,0,98,0,44,31,42,54,12,4
78,0,83,1,-46,0,4,129,124,5
55,0,77,0,0,-27,22,77,56,4
56,0,97,2,52,28,41,45,4,4
55,-3,79,0,26,0,23,53,30,4
56,4,95,0,46,6,39,49,10,4
55,0,93,0,16,-11,38,78,40,4
101,0,102,0,72,10,1,29,28,5
55,-2,76,0,-14,0,21,92,70,4
84,0,88,-1,-2,-7,3,90,88,5
55,0,81,0,-6,-23,25,88,64,4
74,1,79,3,-42,0,4,123,118,5
56,0,77,0,46,23,22,31,10,4
56,0,81,0,-10,-1,25,91,66,4
81,1,85,0,-40,12,4,126,122,5
104,-3,105,0,72,8,1,33,32,5
56,0,98,0,44,6,42,54,12,4
55,0,92,0,8,-12,37,84,48,4
56,9,75,13,-2,24,19,77,58,4
84,-1,88,-3,6,-9,5,83,78,5
56,-1,95,-1,44,27,40,51,12,4
77,3,82,8,-40,19,5,123,118,5
56,0,95,0,50,-24,39,46,6,4
56,-1,96,0,50,1,40,47,6,4
55,0,77,0,38,-23,22,39,16,4
55,0,97,0,44,-5,41,53,12,4
82,0,86,0,-40,7,4,128,124,5
56,0,81,0,-10,0,25,92,66,4
55,-1,96,0,50,-21,41,47,6,4
107,3,108,0,70,0,1,38,36,5
55,0,93,0,50,8,37,44,6,4
56,0,95,0,46,2,40,49,10,4
55,-2,77,0,16,-6,22,62,40,4
85,0,88,0,2,7,3,86,82,5
56,0,95,0,42,27,40,54,14,4
56,0,77,0,-22,-3,21,100,80,4
56,0,81,0,-10,-4,25,92,66,4
55,0,77,0,-2,10,21,79,58,4
55,0,95,0,36,-7,39,59,20,4
55,0,77,0,-28,-11,21,105,84,4
56,0,77,0,16,-12,22,62,40,4
56,-1,98,7,46,0,42,51,10,4
55,0,82,0,-22,-2,26,105,78,4
56,0,95,0,52,0,39,43,4,4
79,0,83,0,-42,8,4,127,122,5
55,0,92,-1,36,-8,37,56,20,4
55,-3,80,-2,20,-5,25,59,34,4
56,0,92,0,50,-22,36,43,6,4
56,-2,95,0,46,0,40,49,10,4
56,2,81,3,-4,0,25,86,62,4
56,0,95,0,52,2,40,44,4,4
56,0,97,2,46,0,41,50,10,4
55,0,76,0,-14,3,21,92,70,4
55,0,96,0,42,-16,41,55,14,4
56,0,95,0,46,21,40,49,10,4
55,0,79,0,12,13,23,66,42,4
55,0,78,0,6,25,23,73,50,4
55,0,78,0,16,-12,23,63,40,4
82,1,86,0,-40,6,4,128,124,5
56,0,77,0,24,-1,22,54,32,4
55,0,77,0,28,10,22,49,26,4
55,0,79,-7,20,-1,24,59,34,4
101,0,102,-7,72,0,1,29,28,5
56,4,76,0,-18,-30,20,94,74,4
55,-2,98,0,44,-9,42,54,12,4
56,0,99,3,46,0,42,52,10,4
81,0,84,0,-20,3,4,105,102,5
107,0,108,0,72,3,1,35,34,5
55,0,92,0,28,7,36,63,28,4
56,0,81,0,-10,8,25,92,66,4
56,0,97,-2,50,26,41,48,6,4
56,0,80,0,0,24,24,80,56,4
80,-2,84,0,-22,-30,4,108,104,5
55,0,80,7,20,-8,25,59,34,4
56,0,92,-2,0,0,36,92,56,4
56,0,76,0,-12,4,20,89,68,4
56,4,95,-2,42,0,39,54,14,4
55,0,82,0,-38,2,26,121,94,4
81,0,84,0,-22,0,3,108,104,5
80,0,85,8,-40,12,5,126,122,5
55,0,79,0,8,-18,23,71,48,4
56,0,97,0,50,-18,41,48,6,4
56,1,98,0,44,-16,42,54,12,4
56,0,96,2,46,0,40,50,10,4
56,5,99,0,46,0,43,52,10,4
56,1,97,0,42,0,40,55,14,4
55,-1,82,-3,-20,15,26,103,76,4
55,0,95,0,36,-1,39,59,20,4
55,0,78,0,8,7,23,70,48,4
101,0,102,0,72,0,1,29,28,5
56,0,98,0,44,15,42,54,12,4
55,0,79,-1,26,12,23,53,30,4
55,1,79,0,44,31,24,35,10,4
104,-1,105,-1,70,0,1,35,34,5
55,-4,78,0,16,-8,23,63,40,4
56,1,81,0,-6,6,25,88,64,4
55,0,95,0,52,-11,40,44,4,4
82,-1,86,0,-4,-10,3,91,88,5
55,0,95,0,42,27,40,54,14,4
55,0,77,0,-30,-30,22,108,86,4
55,0,95,-2,46,0,40,49,8,4
56,0,76,0,-10,10,20,86,66,4
82,-2,86,0,-40,0,5,128,124,5
56,0,76,0,-10,6,20,86,66,4
56,0,81,0,-6,31,25,88,64,4
55,0,77,-4,10,2,22,67,46,4
77,5,81,0,-42,0,4,125,120,5
55,0,98,0,44,7,42,54,12,4
79,-1,83,-1,-40,2,4,124,120,5
56,-3,99,0,50,1,43,49,6,4
56,0,79,0,16,21,23,63,40,4
56,0,81,0,-4,19,25,86,62,4
55,0,83,2,-30,3,27,114,86,4
56,0,78,0,26,2,22,52,30,4
56,0,80,0,-2,-5,24,83,58,4
55,0,97,0,50,-3,41,48,6,4
56,0,95,0,42,4,40,54,14,4
56,0,76,0,-10,4,20,86,66,4
56,0,97,0,46,18,41,50,10,4
55,0,78,0,8,-19,23,70,48,4
56,0,78,1,8,-19,22,70,48,4
54,5,77,0,-22,0,23,101,78,4
56,0,77,0,-4,3,21,82,62,4
84,0,88,0,0,10,3,88,84,5
56,0,81,0,-4,16,25,86,62,4
55,0,93,0,6,-23,37,88,50,4
56,-1,97,0,46,6,41,51,10,4
56,3,77,0,-28,-30,21,105,84,4
55,0,79,-4,20,0,24,59,34,4
56,0,77,0,-14,7,21,92,72,4
105,3,106,1,70,0,1,36,34,5
105,-1,106,-3,70,0,1,36,34,5
55,0,93,0,50,-1,38,44,6,4
55,0,81,0,-6,-4,25,88,64,4
56,0,78,0,26,1,22,52,30,4
55,0,96,-2,50,0,41,47,6,4
55,0,79,0,10,-19,23,68,46,4
55,0,77,0,34,18,22,44,22,4
55,0,77,0,42,5,22,36,14,4
79,0,83,2,-42,-16,5,127,122,5
85,2,88,0,2,-27,3,86,82,5
55,0,77,0,12,-19,22,65,42,4
56,0,91,0,-4,-6,35,96,62,4
55,0,81,-1,-12,0,26,94,68,4
80,0,84,-1,-38,-7,4,123,118,5
81,0,86,4,-40,4,5,127,122,5
55,0,95,-3,42,0,40,54,14,4
81,-3,86,-3,-40,0,4,127,122,5
55,0,79,0,20,22,23,58,34,4
55,0,93,0,52,24,38,42,4,4
56,4,95,0,44,31,39,51,12,4
56,4,97,-5,46,0,41,51,10,4
56,0,81,0,-18,9,25,99,74,4
55,-5,78,6,44,0,23,34,12,4
55,0,93,0,2,-1,38,91,52,4
81,0,84,0,-14,-6,3,99,96,5
55,0,95,0,34,-11,40,62,22,4
85,0,89,2,2,-14,4,86,82,5
55,0,95,0,34,-12,40,62,22,4
105,3,108,0,70,0,2,38,36,5
56,-3,96,0,52,0,40,44,4,4
55,0,97,0,52,26,41,45,4,4
81,0,84,0,-20,19,4,105,102,5
55,0,78,0,16,-22,23,63,40,4
82,-2,86,0,-6,0,4,94,90,5
76,0,81,2,-42,0,5,125,120,5
56,0,81,0,-10,-5,25,92,66,4
56,5,95,0,44,0,39,51,12,4
56,0,97,0,38,-14,41,58,18,4
56,0,91,0,-4,-7,35,96,62,4
56,0,80,2,-2,-14,24,83,58,4
56,0,98,2,52,0,42,46,4,4
55,0,97,0,52,25,41,45,4,4
56,0,96,0,52,15,40,44,4,4
56,-2,95,0,46,1,40,49,10,4
56,1,93,0,50,0,37,44,6,4
102,0,103,5,72,30,1,31,30,5
55,0,81,-2,-14,-16,26,97,70,4
56,0,77,0,-2,9,21,79,58,4
56,0,96,-1,50,-5,40,47,6,4
56,-1,97,0,46,-5,41,50,10,4
53,4,77,0,28,0,24,48,24,4
55,0,97,4,46,0,41,50,8,4
56,0,76,0,-12,-6,20,89,68,4
56,0,81,0,-6,18,25,89,64,4
56,3,98,0,44,-3,42,54,12,4
55,3,95,0,50,0,41,46,6,4
55,0,77,1,28,0,22,49,26,4
84,0,88,0,6,0,4,83,80,5
55,0,93,2,8,0,37,85,48,4
84,4,86,-1,-4,0,3,92,88,5
74,8,78,4,-42,0,4,122,118,5
79,-1,83,-10,-32,-26739,4,117,112,5
55,0,96,1,42,-4,41,55,14,4
107,3,108,5,72,1,1,36,34,5
85,0,88,-1,6,21,3,83,80,5
56,0,98,0,52,6,42,46,4,4
55,0,79,0,6,1,23,74,50,4
56,0,97,0,42,-10,41,55,14,4
56,0,93,-4,50,0,38,44,6,4
55,-3,99,0,50,2,43,49,6,4
55,-1,79,-4,24,-8,23,55,32,4
55,0,95,0,36,19,40,59,20,4
55,0,82,0,-22,7,26,105,78,4
55,-1,79,-4,24,-9,23,55,32,4
55,0,79,-2,20,-3,23,58,34,4
56,0,92,4,50,0,36,43,6,4
56,0,97,0,42,12,41,55,14,4
56,2,97,0,44,2,41,53,12,4
81,-1,86,2,-40,7,5,127,122,5
81,0,84,6,-14,-12,4,100,96,5
55,0,96,2,52,-11,41,44,4,4
83,0,86,0,-6,-9,3,94,90,5
56,0,77,0,24,1,22,54,32,4
80,0,84,0,-42,-6,4,128,124,5
56,0,81,0,-18,1,25,99,74,4
81,0,85,-7,-22,0,4,108,104,5
55,0,82,1,-12,-21,26,95,68,4
55,0,77,0,-2,-16,21,79,58,4
56,0,81,0,-2,8,25,83,58,4
55,0,92,0,-6,-17,36,99,64,4
55,0,77,0,8,6,22,70,48,4
55,-2,77,0,26,-13,22,52,30,4
56,0,97,1,52,27,41,45,4,4
82,0,85,-3,-2,10,3,88,84,5
55,0,95,0,42,-14,40,54,14,4
56,0,97,0,50,1,41,48,6,4
55,0,92,2,-4,3,36,97,60,4
55,0,77,0,18,-28,22,59,38,4
55,0,77,0,38,6,22,39,16,4
55,0,99,5,38,0,43,60,16,4
55,0,78,0,46,8,23,32,8,4
56,0,95,0,52,23,40,44,4,4
55,0,96,0,38,-14,41,57,16,4
105,0,106,-2,70,-2,1,36,36,5
55,0,97,7,46,0,42,51,8,4
56,4,98,0,50,-2,42,49,6,4
56,0,97,8,52,0,41,45,4,4
56,4,98,0,50,-15,42,49,6,4
81,0,84,0,-18,-22,3,103,100,5
55,0,77,0,10,0,22,67,46,4
55,-2,81,0,-10,-2,26,92,66,4
56,4,98,0,52,10,42,46,4,4
56,2,78,2,24,0,22,55,32,4
56,0,81,0,-6,31,25,89,64,4
56,1,80,0,-2,0,24,83,58,4
105,0,106,-4,72,10,1,34,34,5
56,0,96,0,52,-15,40,44,4,4
55,0,92,-1,0,3,36,92,56,4
55,0,82,0,-42,-6,26,126,100,4
56,0,80,-7,6,16,24,75,50,4
55,0,77,0,10,11,21,66,46,4
55,-3,77,-2,24,0,22,54,32,4
79,0,83,0,-30,6,4,114,110,5
55,-4,73,-10,-4,-6,18,78,60,4
55,0,77,0,24,17,22,54,32,4
85,0,88,-4,2,0,3,86,82,5
56,0,77,0,-4,6,21,82,62,4
55,0,95,2,50,0,40,46,6,4
55,0,93,5,46,0,37,46,8,4
56,-1,95,0,42,9,40,54,14,4
56,0,93,-5,50,0,38,44,6,4
56,0,96,4,52,0,40,44,4,4
104,3,105,6,70,0,1,35,34,5
83,0,86,-1,-6,-24,3,94,90,5
55,0,77,0,28,6,21,48,28,4
79,2,83,0,-40,14,4,125,120,5
104,-3,105,-2,70,-30,1,35,34,5
85,0,88,0,0,30,3,88,84,5
103,-2,104,-6,70,-23,1,34,34,5
56,0,76,0,-14,20,20,92,72,4
55,0,77,0,30,-2,22,46,24,4
56,0,77,0,-2,-19,21,79,58,4
55,0,79,0,26,-1,23,53,30,4
56,5,97,0,44,0,41,53,12,4
81,1,85,3,-24,0,4,111,106,5
56,0,77,0,-20,-2,21,97,76,4
55,0,77,0,-28,3,22,106,84,4
56,-1,95,0,38,-23,40,57,18,4
82,-4,86,0,-4,-27,4,91,88,5
56,0,95,0,50,-10,40,46,6,4
55,0,93,-1,50,20,37,44,6,4
55,0,95,-7,44,7,40,51,12,4
56,0,81,0,-6,20,25,88,64,4
86,6,89,0,8,0,3,81,78,5
55,0,93,0,50,16,37,44,6,4
82,2,86,0,-2,5,3,88,84,5
56,-2,97,0,42,-12,41,55,14,4
55,0,77,0,-4,-6,21,82,60,4
82,0,86,2,-6,5,4,94,90,5
56,0,81,8,-6,0,25,89,64,4
84,0,88,-1,6,-3,4,83,78,5
55,0,76,-2,-10,16,21,86,66,4
55,0,77,0,-4,-2,21,82,60,4
55,0,82,0,-20,-15,26,103,76,4
56,0,79,0,8,6,24,72,48,4
56,0,79,0,8,0,23,71,48,4
55,0,82,0,-40,-28,26,123,96,4
55,0,79,0,20,12,23,58,34,4
84,-5,88,0,2,0,3,85,82,5
104,-8,107,-1,70,0,3,37,34,5
56,0,79,-6,6,-4,24,74,50,4
56,0,96,4,42,2,40,55,14,4
56,0,79,4,-22,0,24,103,80,4
55,0,77,0,0,-9,22,77,56,4
55,0,78,0,10,-3,23,68,46,4
56,0,76,0,-10,-19,20,86,66,4
78,0,82,1,-40,0,4,123,120,5
107,1,109,8,72,1,2,36,34,5
102,0,103,6,72,28,1,31,30,5
55,0,77,0,-20,-9,21,97,76,4
56,5,98,0,42,-16,42,57,14,4
56,3,98,0,44,-7,42,54,12,4
55,0,77,-2,28,-17,21,48,28,4
56,0,80,0,-2,0,24,83,58,4
55,0,81,0,-4,5,25,86,60,4
104,0,104,-1,70,0,1,35,34,5
84,-1,88,0,6,0,4,83,78,5
55,0,95,-5,42,0,39,53,14,4
77,4,81,0,-42,0,4,125,120,5
56,4,97,0,50,0,41,48,8,4
55,0,77,-2,-28,12,21,105,84,4
56,0,97,-3,50,-16,41,48,6,4
56,0,95,0,44,12,40,51,12,4
81,3,86,1,-40,10,4,127,122,5
55,0,77,2,-24,-15,21,103,82,4
55,-2,79,0,26,0,23,53,30,4
83,-2,86,0,-2,25,4,89,86,5
56,0,77,0,-4,-10,21,82,62,4
55,0,78,0,6,-7,23,73,50,4
55,-3,98,0,46,0,42,51,8,4
56,0,78,-4,0,0,22,78,56,4
55,-1,98,0,50,-10,42,49,6,4
55,0,77,0,2,7,22,75,52,4
55,0,76,0,-14,-26,21,92,70,4
79,0,83,0,-30,9,4,114,110,5
80,3,84,0,-40,15,4,125,122,5
80,1,84,0,-36,1,4,121,116,5
55,-2,81,0,-22,-5,26,105,78,4
55,-7,76,-18,0,0,21,76,54,4
56,0,95,0,52,4,40,44,4,4
55,0,78,0,6,-29,23,73,50,4
82,0,86,1,-40,7,5,128,124,5
56,0,97,0,50,-22,41,48,6,4
108,2,109,0,72,5,1,36,36,5
55,5,78,-1,42,0,23,37,14,4
56,0,78,0,8,-6,22,70,48,4
84,0,87,0,0,4,3,87,84,5
55,0,77,0,20,-20,22,57,34,4
56,5,95,0,46,0,39,49,10,4
56,5,97,0,38,0,41,58,18,4
56,-1,96,0,50,-16,40,47,6,4
105,-4,107,-2,70,0,2,37,34,5
55,0,77,0,26,16,21,51,30,4
83,0,86,0,-4,25,3,92,88,5
55,0,77,0,20,-8,22,57,34,4
55,-3,80,0,-2,0,25,83,58,4
105,5,107,9,72,5,1,35,34,5
55,0,95,0,46,-14,40,49,8,4
102,0,103,3,70,-4,1,33,32,5
55,0,82,-1,-20,8,26,103,76,4
56,0,78,0,12,22,22,65,42,4
55,0,95,-1,42,-15,40,54,14,4
56,0,77,0,18,30,22,59,38,4
55,-2,77,0,34,-9,22,44,22,4
55,0,98,0,50,-14,42,49,6,4
84,4,86,-2,-4,0,3,92,88,5
55,0,95,0,46,-27,40,49,8,4
56,0,96,0,52,11,40,44,4,4
55,-5,97,0,50,0,42,48,6,4
56,0,97,-4,52,18,41,45,4,4
55,0,93,2,10,0,37,82,46,4
56,0,95,-7,44,0,39,51,12,4
85,0,88,0,2,23,3,86,82,5
55,0,81,0,-20,7,26,102,76,4
55,0,93,0,16,-1,38,78,40,4
55,0,74,-13,0,0,19,74,54,4
55,0,96,0,52,-6,41,44,4,4
79,0,83,-1,-40,0,4,125,120,5
56,0,98,5,50,22,42,49,6,4
79,0,84,0,-40,1,4,125,120,5
55,0,77,-1,0,8,22,77,56,4
56,4,78,0,18,26,22,60,38,4
56,0,82,2,-12,6,26,95,68,4
56,1,95,0,42,-5,40,54,14,4
105,-5,106,1,72,3,2,34,32,5
56,2,77,0,-24,7,21,103,82,4
55,0,73,-12,0,5,18,73,54,4
56,0,78,-1,8,-4,22,70,48,4
56,-1,97,0,46,2,41,51,10,4
80,-1,84,-7,-20,0,4,105,100,5
56,-1,80,-6,24,14,24,57,32,4
76,2,81,0,-42,0,4,125,120,5
55,0,96,1,42,-1,41,55,14,4
56,0,81,0,-20,-2,25,102,76,4
55,0,82,0,-40,15,26,123,96,4
55,0,96,0,42,-11,41,55,14,4
54,2,77,0,-22,0,23,101,78,4
77,0,81,0,-42,0,4,125,122,5
104,5,106,6,70,-29,1,36,34,5
56,0,79,0,12,7,23,66,42,4
103,-2,104,-1,70,0,1,35,34,5
82,0,86,-1,-10,3,3,96,92,5
101,-2,102,-3,72,0,1,29,28,5
56,0,81,-2,-14,0,25,97,72,4
56,0,95,-4,50,0,39,46,6,4
79,-1,83,0,-32,85,4,117,112,5
55,0,92,0,-4,-6,36,97,60,4
55,0,79,3,26,24,23,53,30,4
56,-4,97,0,42,0,41,55,14,4
55,0,78,0,18,25,23,60,38,4
87,2,89,0,8,1,2,81,78,5
55,-1,96,0,52,-5,41,44,4,4
84,0,87,6,-2,0,3,90,86,5
55,0,77,-5,10,12,22,67,46,4
76,0,80,0,-42,-17,4,124,120,5
85,0,89,0,2,-11,4,86,82,5
80,1,84,0,-38,0,4,123,118,5
55,0,77,0,24,11,22,54,32,4
82,0,86,3,-12,0,4,99,94,5
56,0,76,0,-4,-22,20,81,62,4
56,0,97,0,44,-1,41,53,12,4
56,0,81,0,-10,10,25,92,66,4
102,4,102,1,72,18,1,30,30,5
55,0,98,0,50,-24,42,49,6,4
56,1,76,-4,-4,0,20,81,62,4
80,0,84,0,-38,-3,4,123,118,5
56,-2,97,-4,46,-10,41,51,10,4
105,-2,107,-4,70,0,2,37,36,5
56,0,76,0,-10,2,20,86,66,4
55,0,77,8,28,8,22,49,28,4
55,0,95,-4,36,-12,39,59,20,4
56,0,98,0,44,9,42,54,12,4
85,0,89,0,2,-10,4,86,82,5
55,0,95,0,46,4,40,49,8,4
81,1,85,0,-40,9,4,126,122,5
85,-3,88,0,0,0,3,88,84,5
55,0,97,0,44,-8,41,53,12,4
56,0,76,0,-10,25,20,86,66,4
55,0,97,2,42,0,41,55,14,4
81,1,84,0,-12,13,3,97,94,5
78,0,83,5,-46,0,4,129,124,5
85,0,88,-2,2,-9,3,86,82,5
71,-8,75,-5,-40,7,4,116,112,5
55,0,96,0,52,10,41,44,4,4
102,2,103,0,70,-13,1,33,32,5
55,0,77,-2,18,0,22,59,38,4
81,2,85,5,-24,0,4,111,106,5
55,0,79,0,6,4,23,74,50,4
56,0,78,0,16,-2,22,63,40,4
55,0,95,0,34,-7,40,62,22,4
81,-1,85,0,-22,0,4,108,104,5
56,3,98,3,38,-30,42,59,18,4
55,-1,97,-2,50,13,42,48,6,4
80,0,84,0,-28,-6,4,112,108,5
56,0,95,0,50,-8,40,46,6,4
81,4,84,0,-14,1,3,100,96,5
56,0,77,0,-4,16,21,82,62,4
123,656,105,1,36,-4,-18,69,86,5
55,0,95,0,46,-4,40,49,8,4
79,0,84,1,-42,-1,4,128,124,5
79,4,83,0,-42,0,4,126,122,5
81,0,86,0,-40,4,4,127,122,5
56,0,95,-3,46,0,40,49,10,4
56,0,77,1,-2,22,21,79,58,4
103,5,104,2,70,-27,1,35,34,5
55,-3,77,-7,0,0,22,77,56,4
55,0,95,-4,44,0,40,51,12,4
55,0,77,-1,-4,74,21,82,60,4
55,0,79,0,10,-15,23,68,46,4
81,0,84,0,-18,31,4,103,98,5
55,0,97,0,50,17,42,48,6,4
56,4,97,0,44,1,41,53,12,4
104,4,105,0,72,5,1,33,32,5
79,0,83,-3,-38,0,4,122,118,5
56,5,95,0,42,0,39,54,14,4
55,-1,98,0,50,-21,42,49,6,4
55,0,98,0,52,30,42,46,4,4
55,0,95,0,52,11,40,44,4,4
56,5,97,5,38,0,40,58,18,4
76,0,81,-2,-40,16,5,122,118,5
56,0,78,1,10,16,22,68,46,4
79,0,83,0,-30,18,4,114,110,5
55,0,77,0,36,-21,22,41,20,4
104,1,105,1,70,0,1,35,34,5
103,0,104,-7,70,0,1,34,34,5
101,0,102,0,72,19,1,30,28,5
56,-1,96,-1,52,0,40,44,4,4
105,-5,107,0,72,0,1,35,34,5
56,0,77,0,-4,2,21,82,62,4
55,0,92,0,-6,-24,36,99,64,4
102,1,103,0,70,-5,1,33,32,5
81,0,84,0,-14,21,3,100,96,5
104,-9,107,-1,70,0,3,37,34,5
104,3,105,0,72,2,1,33,32,5
56,0,78,-2,26,3,22,52,30,4
79,0,84,0,-10,32,4,94,90,5
81,-1,84,0,-14,6,4,100,96,5
56,2,98,0,46,5,42,51,10,4
56,1,96,1,46,0,40,50,10,4
55,-3,80,0,-4,0,25,85,60,4
105,-2,106,-3,72,1,1,33,32,5
56,0,81,0,-6,-25,25,89,64,4
104,0,105,0,72,1,1,33,32,5
56,0,77,0,16,-5,22,62,40,4
81,1,84,0,-20,0,4,105,102,5
55,0,82,0,-36,-5,26,118,92,4
107,1,108,0,70,0,1,38,36,5
105,5,106,5,72,6,1,34,32,5
81,0,84,0,-18,-12,3,103,100,5
56,0,97,-1,50,-11,41,48,6,4
104,0,106,0,70,0,1,36,34,5
55,0,93,0,44,-13,37,49,12,4
55,0,97,0,50,31,41,48,6,4
81,-3,86,0,-22,0,4,109,104,5
79,-1,84,0,-32,0,4,117,112,5
55,0,77,0,-20,18,21,97,76,4
55,0,78,2,26,0,23,52,30,4
55,0,78,0,0,-20,23,78,56,4
56,0,78,0,10,-14,22,68,46,4
55,0,96,0,42,-30,41,55,14,4
81,0,84,0,-18,19,4,103,98,5
75,3,79,3,-42,0,4,123,120,5
55,-3,98,1,46,0,42,51,8,4
84,-2,88,0,6,0,4,83,80,5
55,0,93,0,8,26,37,85,48,4
55,0,92,0,30,0,36,61,24,4
102,0,103,0,70,-19,1,33,32,5
55,0,77,0,18,381,21,59,38,4
56,0,97,0,44,-23,41,53,12,4
56,0,80,2,-4,0,24,85,62,4
85,0,88,-3,2,-7,3,86,82,5
87,1,89,0,8,1,2,81,78,5
56,0,79,2,8,0,24,72,48,4
55,0,97,0,52,27,41,45,4,4
55,0,91,-4,-6,-29,35,99,64,4
55,0,82,0,-36,-1,26,118,92,4
55,0,77,0,10,2,22,67,46,4
55,0,98,0,42,-9,42,57,14,4
105,2,107,5,70,0,1,37,36,5
56,0,95,0,44,25,40,51,12,4
56,4,80,0,-4,6,24,85,62,4
80,0,84,8,-20,0,4,105,100,5
55,0,82,0,-20,-4,26,103,76,4
56,-3,97,0,46,0,41,50,10,4
55,0,77,0,42,-3,22,36,14,4
55,0,77,0,16,-9,22,62,40,4
56,0,98,0,50,-4,42,49,8,4
80,5,84,2,-38,-13,4,123,118,5
56,3,98,6,52,-13,42,46,4,4
55,0,93,4,46,0,37,46,8,4
55,0,77,0,16,14,22,62,40,4
84,0,88,0,0,12,3,88,84,5
55,0,77,2,-28,11,22,106,84,4
55,0,76,0,-14,-3,21,92,70,4
80,3,84,0,-40,6,4,126,122,5
55,0,82,0,-32,-4,26,115,90,4
56,0,81,0,-4,15,25,86,62,4
55,0,97,0,52,-1,41,45,4,4
79,0,83,0,98,8098,4,-14,-18,5
56,0,96,0,50,-7,40,47,6,4
106,3,107,1,72,0,1,35,34,5
76,0,80,-3,-42,-11,4,124,120,5
55,4,96,0,52,0,41,44,4,4
56,0,96,0,52,-25,40,44,4,4
56,0,77,2,-18,0,21,95,74,4
102,3,102,0,72,12,1,30,30,5
55,0,82,0,-40,-11,26,123,96,4
56,-1,97,0,50,5,41,48,6,4
55,0,79,0,8,-7,23,71,48,4
56,0,78,2,0,16,22,78,56,4
79,0,84,2,-32,-7,4,117,112,5
80,-3,84,-4,-42,-30,4,128,124,5
56,0,78,0,16,28,22,63,40,4
80,-2,84,-2,-40,12,4,126,122,5
55,0,99,0,42,0,43,57,14,4
56,1,80,1,20,-1,24,59,36,4
55,0,79,0,20,-27,23,58,34,4
56,0,96,0,50,-18,40,47,6,4
55,0,77,0,-24,5,21,103,82,4
55,0,77,0,28,12,21,48,28,4
102,0,103,1,70,-8,1,33,32,5
87,3,89,0,8,0,2,81,80,5
84,-10,89,0,8,0,5,81,76,5
79,0,83,-3,-32,-3,4,117,112,5
82,5,86,0,-24,-24,4,112,108,5
55,0,93,0,38,-4,37,54,16,4
78,4,81,0,-40,0,4,123,120,5
55,-2,77,0,26,0,22,52,30,4
55,0,92,-7,10,0,37,82,46,4
102,0,103,0,72,31,1,31,30,5
102,-1,103,0,72,23,1,31,30,5
55,0,79,0,26,8,23,53,30,4
55,0,79,-2,20,-5,24,59,34,4
87,4,89,0,8,0,2,81,80,5
84,5,86,0,-2,0,3,89,86,5
56,-4,99,0,46,0,43,52,10,4
56,2,98,0,44,-9,42,54,12,4
55,1,77,0,26,0,22,52,30,4
56,0,98,0,44,0,42,54,12,4
56,2,98,0,46,2,42,51,10,4
55,-1,78,0,8,-2,23,70,48,4
55,0,77,-3,18,2,22,59,38,4
55,0,95,0,34,-19,40,62,22,4
56,0,92,0,0,24,36,92,56,4
56,0,77,0,-18,21,21,95,74,4
55,0,97,1,38,0,41,58,16,4
56,0,77,0,-12,3,21,90,68,4
82,0,86,0,-10,23,3,96,92,5
56,0,77,0,20,-10,22,57,36,4
55,0,78,-1,16,0,23,63,40,4
55,0,95,0,38,5,40,57,16,4
55,0,78,0,2,11,23,75,52,4
101,-1,102,-1,72,0,1,29,28,5
105,6,106,2,70,0,1,36,36,5
80,-2,84,0,-14,-3,4,99,96,5
55,0,79,-2,-4,0,24,85,60,4
55,0,79,0,20,8,23,58,34,4
55,0,77,0,-30,-6,22,108,86,4
55,0,77,0,-24,19,21,103,82,4
82,0,85,-1,-2,0,3,88,84,5
55,0,95,4,36,0,40,59,20,4
56,0,81,0,-6,-4,25,89,64,4
55,0,92,0,-6,-25,36,99,64,4
55,0,77,0,34,7,22,44,22,4
108,1,109,0,72,1,1,36,36,5
55,0,80,0,-2,-1,25,83,58,4
85,0,88,0,2,25,3,86,82,5
107,0,108,0,72,8,1,36,34,5
55,0,77,2,-22,0,22,101,78,4
55,0,95,0,46,30,40,49,8,4
55,-1,99,-6,50,0,43,49,6,4
106,0,107,0,72,6,1,35,34,5
55,0,76,0,-14,5,21,92,70,4
80,0,84,0,-28,-28,4,112,108,5
55,0,96,0,52,-4,41,44,4,4
104,0,104,-4,70,0,1,35,34,5
55,0,77,0,-10,-5,21,87,66,4
55,0,95,-6,44,0,40,51,12,4
56,0,78,0,8,-11,22,70,48,4
56,0,97,8,50,-3,41,48,6,4
56,0,76,0,-12,18,20,89,68,4
55,0,93,0,12,-30,38,81,42,4
81,-3,84,0,-14,1,4,100,96,5
55,0,77,0,44,26,22,34,12,4
56,0,91,-1,0,0,35,91,56,4
56,0,96,0,44,1,40,52,12,4
55,0,77,0,20,-7,22,57,34,4
102,0,103,0,70,-4,1,33,32,5
55,0,76,0,-14,9,21,92,70,4
56,0,96,-5,50,-9,40,47,6,4
56,0,95,0,52,13,39,43,4,4
82,0,86,1,-2,6,4,88,84,5
82,0,85,-2,-10,0,3,95,92,5
79,4,83,0,-46,0,4,130,126,5
56,0,77,0,-2,-1,21,79,58,4
55,-1,74,2,-4,-2,19,79,60,4
56,3,98,0,38,-11,42,59,18,4
55,0,77,0,18,-1,22,59,38,4
55,0,82,0,-24,-28,26,108,82,4
56,0,95,0,42,30,40,54,14,4
55,-4,95,0,52,0,40,44,4,4
56,5,95,0,42,-17,39,54,14,4
105,0,106,0,70,0,1,36,34,5
56,0,81,0,-10,-2,25,91,66,4
81,0,84,0,-18,22,4,103,98,5
56,3,95,0,42,0,39,54,14,4
81,0,85,0,-40,4,4,126,122,5
76,0,81,-6,-42,-11,5,125,120,5
83,0,86,0,-4,11,3,92,88,5
55,0,77,0,-2,15,21,79,58,4
84,1,88,0,0,2,3,88,84,5
55,0,83,0,-24,8,27,108,82,4
79,5,83,1,-42,0,4,126,122,5
85,0,88,-1,0,0,3,88,84,5
55,0,92,0,-4,20,36,97,60,4
55,-4,98,0,52,7,42,46,4,4
80,1,84,0,-32,0,4,117,114,5
82,0,85,-1,-2,7,3,88,84,5
56,0,91,0,2,5,35,88,54,4
71,5,75,2,-40,16,4,116,112,5
105,0,106,-7,72,16,1,34,34,5
85,0,89,6,2,-11,4,86,82,5
55,0,92,0,-4,25,36,97,60,4
76,1,81,1,-40,9,5,122,118,5
55,0,77,-2,-28,1,21,105,84,4
56,0,98,2,50,-1,42,49,8,4
55,0,79,0,16,-4,23,63,40,4
56,0,78,0,26,31,22,52,30,4
56,0,97,4,52,31,41,45,4,4
55,0,93,0,52,-7,38,42,4,4
56,0,81,-2,-4,0,25,86,62,4
55,-3,78,1,44,0,23,34,12,4
84,-1,88,-2,-2,-8,3,90,88,5
55,1,78,-3,44,26,23,34,12,4
56,0,80,-2,-4,0,24,85,62,4
56,0,94,2,50,0,38,45,6,4
56,0,95,0,50,-7,40,46,6,4
56,0,78,0,42,-28,22,37,14,4
55,-4,98,0,44,-3,42,54,12,4
86,3,89,0,8,19,3,81,78,5
55,0,77,0,-2,-30,21,79,58,4
85,0,88,-273,0,0,3,88,84,5
56,0,97,-1,46,-4,41,51,10,4
55,0,82,0,-36,-24,26,118,92,4
56,0,92,6,-2,0,36,94,58,4
80,0,84,0,-40,31,4,125,122,5
56,0,96,0,50,-11,40,47,6,4
56,5,97,0,52,17,40,45,4,4
55,0,93,0,50,2,37,44,6,4
56,3,80,0,-4,0,24,85,62,4
77,0,81,0,-40,6,4,123,118,5
55,0,92,0,-4,21,36,97,60,4
55,0,82,-2,-24,0,26,108,82,4
55,0,95,-2,52,-22,40,44,4,4
55,0,97,0,52,8,41,45,4,4
55,-3,98,0,52,4,42,46,4,4
106,0,108,0,70,0,1,38,36,5
105,1,107,6,70,0,1,37,36,5
82,0,85,-1,-6,6,3,93,90,5
55,0,93,1,8,0,37,85,48,4
55,0,93,0,42,-30,37,51,14,4
55,-5,93,0,46,0,37,46,8,4
56,0,77,0,-22,-4,21,100,80,4
55,0,96,0,46,-21,41,50,8,4
56,0,97,-1,46,-3,41,51,10,4
55,0,77,0,-18,-4,21,95,74,4
85,0,88,0,6,16,3,83,80,5
56,0,77,0,-10,-8,21,87,66,4
56,1,81,1,-4,0,25,86,62,4
81,0,84,7,-14,0,4,100,96,5
55,0,78,0,6,7,23,73,50,4
56,-2,97,-1,42,-14,41,55,14,4
55,0,78,0,16,8,23,63,40,4
55,0,76,6,-22,0,21,99,78,4
55,0,96,0,50,-2,41,47,6,4
56,0,96,0,44,8,40,52,12,4
55,0,97,0,44,-13,41,53,12,4
55,0,78,0,2,-17,23,75,52,4
56,0,81,0,-6,1,25,88,64,4
55,0,95,0,46,-19,40,49,8,4
55,-5,81,0,-4,11,26,86,60,4
55,0,77,0,28,-2,21,48,28,4
80,0,85,2,-40,3,5,126,122,5
55,4,74,-12,-4,-27,19,79,60,4
56,0,81,0,0,15,25,81,56,4
85,1,88,1,-2,0,3,91,88,5
55,0,92,3,30,-2,37,61,24,4
56,0,97,6,52,-1,41,45,4,4
56,0,78,0,42,-23,22,37,14,4
55,0,79,0,20,20,23,58,34,4
84,2,87,0,-2,0,3,90,86,5
55,-1,98,3,46,0,42,51,8,4
55,0,96,2,38,-13,41,57,16,4
55,0,77,0,26,-8,21,51,30,4
83,0,86,5,-2,0,4,89,86,5
55,0,81,0,-20,10,26,102,76,4
55,0,77,0,38,-30,22,39,16,4
56,0,81,-2,-2,0,25,83,58,4
56,0,98,7,46,-3,42,51,10,4
106,-5,108,2,72,0,2,35,34,5
55,-1,98,0,44,-9,42,54,12,4
56,0,78,5,8,-30,22,70,48,4
82,1,86,0,-40,9,4,128,124,5
79,2,83,0,-30,0,4,114,110,5
56,0,77,0,-24,1,21,103,82,4
55,0,95,-2,44,-3,40,51,12,4
56,0,97,0,52,29,41,45,4,4
55,0,93,0,50,-11,38,44,6,4
55,0,95,-2,36,-5,39,59,20,4
55,-3,77,0,28,0,22,48,26,4
56,5,95,0,46,0,40,49,10,4
84,0,88,0,0,14,3,88,84,5
56,-4,99,2,46,0,43,52,10,4
56,0,96,0,42,1,40,55,14,4
56,0,77,0,-20,-4,21,97,76,4
56,0,98,0,46,5,42,51,10,4
55,0,77,-2,-28,5,21,105,84,4
56,3,98,0,46,28,42,51,10,4
56,0,95,0,44,24,40,51,12,4
55,0,77,-1,12,0,22,65,42,4
56,0,78,-1,44,8,22,34,12,4
102,0,102,-6,72,25,1,30,30,5
56,0,79,0,16,7,23,63,40,4
55,3,77,0,28,0,21,48,28,4
56,0,98,0,44,24,42,54,12,4
56,4,77,0,16,-3,22,62,40,4
81,0,84,0,-22,-28,4,108,104,5
55,-3,98,0,44,-4,42,54,12,4
106,0,108,1,72,2,1,35,34,5
55,0,96,3,44,0,41,52,12,4
82,5,86,1,-2,4,3,88,84,5
55,0,78,0,16,-1,23,63,40,4
55,0,76,-5,-12,-27,21,89,68,4
55,0,95,7,36,-3,40,59,20,4
82,0,86,-1,-40,8,4,128,124,5
80,0,84,7,-38,-2,5,123,118,5
55,0,77,-4,12,-2,22,65,42,4
55,0,79,0,20,-12,23,58,34,4
55,0,92,0,36,-5,37,56,20,4
55,0,98,0,52,-9,42,46,4,4
55,0,78,-3,16,0,23,63,40,4
82,0,86,0,-42,-29,5,130,126,5
55,0,82,0,-40,-16,26,123,96,4
104,2,105,2,70,0,1,35,34,5
56,0,76,0,-4,10,20,81,62,4
56,0,97,-1,46,0,41,50,10,4
85,-4,89,0,2,0,4,86,82,5
56,0,77,0,-14,5,21,92,72,4
81,0,84,-2,-18,17,4,103,98,5
80,0,84,4,-36,25,5,121,116,5
56,4,98,0,38,-1,42,59,18,4
56,0,95,0,46,-7,40,49,10,4
56,0,77,0,-20,3,21,97,76,4
80,0,84,3,-20,0,4,105,100,5
56,0,77,0,0,13,21,77,56,4
55,0,79,0,20,0,23,58,34,4
55,-2,98,0,38,-1,42,59,16,4
76,-5,81,0,-40,0,4,122,118,5
56,-1,76,13,0,0,20,76,56,4
57,3,75,17,0,1,18,75,56,4
56,0,97,-5,50,-15,41,48,6,4
56,-1,96,0,52,7,40,44,4,4
56,-3,97,0,52,0,41,45,4,4
56,0,77,0,0,20,21,77,56,4
78,-1,83,0,-40,1,4,124,120,5
56,0,78,-1,0,0,22,78,56,4
85,0,88,-1,6,19,3,83,80,5
105,4,106,2,72,6,1,33,32,5
56,0,95,0,50,21,40,46,6,4
56,2,81,0,-4,0,25,86,62,4
56,0,96,-5,50,0,40,47,6,4
55,0,76,0,-14,-2,21,92,70,4
83,0,86,0,-4,-7,4,92,88,5
106,0,108,0,70,-1,1,38,36,5
55,0,81,-4,-12,0,26,94,68,4
56,0,76,0,-4,8,20,81,62,4
56,0,97,-1,46,0,41,51,10,4
81,0,84,-2,-22,0,3,108,104,5
56,0,78,-4,16,0,22,63,40,4
79,0,83,0,-42,-81,4,127,124,5
56,0,96,2,42,0,40,55,14,4
85,5,89,0,6,-5,4,84,80,5
56,0,91,0,-2,19,35,93,58,4
56,0,97,0,50,8,40,48,8,4
55,0,97,5,42,0,41,55,14,4
55,0,97,0,52,1,41,45,4,4
55,-3,80,-6,20,-13,25,59,34,4
56,0,78,0,24,-4,22,55,32,4
80,1,84,6,-40,9,5,126,122,5
56,0,79,0,8,-9,23,71,48,4
80,0,84,-3,-42,0,4,128,124,5
55,-3,98,0,44,-18,42,54,12,4
55,0,78,0,8,0,23,70,48,4
56,0,95,0,46,12,40,49,10,4
83,-5,86,0,-4,-15,4,92,88,5
55,0,77,0,18,26,22,59,38,4
56,4,77,0,-24,0,21,103,82,4
55,0,81,0,-22,-8,26,105,78,4
55,0,79,0,2,-23,23,76,52,4
104,-1,106,-3,70,-4,1,36,34,5
56,0,97,0,42,3,41,55,14,4
55,0,77,-2,10,7,22,67,46,4
56,0,76,0,-2,10,20,79,58,4
55,0,77,0,30,-3,22,46,24,4
85,0,88,0,2,-13,3,86,82,5
56,-1,77,-3,24,-8,22,54,32,4
101,-4,102,0,70,-6,1,33,32,5
73,11,77,9,-42,-5,4,121,118,5
56,0,95,0,52,31,40,44,4,4
71,3,75,1,-40,16,4,116,112,5
55,0,96,0,42,3,41,55,14,4
55,0,80,-1,-2,8,25,83,58,4
79,5,83,0,-42,0,4,127,122,5
56,1,98,0,42,-10,42,57,14,4
56,0,77,0,18,26,22,59,38,4
78,1,82,1,-40,12,4,123,120,5
102,0,103,0,70,-3,1,33,32,5
56,0,76,0,-14,10,20,92,72,4
56,0,96,0,36,5,40,60,20,4
55,0,96,0,50,-21,41,47,6,4
55,0,78,-4,18,0,23,60,38,4
85,7,89,0,8,22,4,81,78,5
55,0,77,5,-22,1,21,100,78,4
55,0,95,0,34,-26,40,62,22,4
105,0,106,-2,70,-1,1,36,36,5
56,3,97,0,44,0,41,53,12,4
56,0,81,0,-18,5,25,99,74,4
55,-3,98,0,46,24,42,51,8,4
55,0,91,-7,-4,7,35,96,60,4
56,0,81,0,-14,12,25,97,72,4
55,0,97,0,50,13,42,48,6,4
55,0,95,4,42,0,40,54,14,4
56,0,92,3,-2,0,36,94,58,4
55,0,96,0,42,14,41,55,14,4
55,0,82,0,-36,1,26,118,92,4
55,0,79,0,24,3,23,55,32,4
81,3,85,0,-12,0,4,98,94,5
108,2,109,0,72,4,1,36,36,5
56,0,97,0,42,-14,41,55,14,4
56,0,97,0,44,-13,41,53,12,4
56,0,77,0,-20,14,21,97,76,4
55,0,77,0,10,7,21,66,46,4
55,0,77,0,36,-10,22,41,20,4
102,0,103,0,70,-2,1,33,32,5
55,0,77,0,12,8,21,64,42,4
85,1,88,0,2,3,3,86,82,5
55,0,96,0,44,4,41,52,12,4
56,0,96,0,38,-25,40,57,18,4
106,0,107,-2,70,0,1,37,36,5
56,0,97,0,50,0,41,48,6,4
56,0,97,1,44,-8,41,53,12,4
56,-1,97,0,52,2,41,45,4,4
55,-1,99,7,38,0,43,60,16,4
55,0,97,-5,50,0,41,48,6,4
56,0,77,0,-14,-11,21,92,72,4
56,0,82,2,-12,13,26,95,68,4
56,0,97,0,52,14,41,46,4,4
56,0,77,0,24,3,22,54,32,4
55,0,92,0,28,-2,36,63,28,4
55,-2,98,-3,42,-4,42,57,14,4
55,0,77,-2,8,-26,22,70,48,4
83,0,86,0,-6,-12,3,94,90,5
83,0,86,0,-4,10,3,92,88,5
56,5,95,0,42,-4,40,54,14,4
55,-1,97,1,50,0,41,48,6,4
55,0,93,3,20,0,38,73,34,4
55,0,96,0,42,-26,41,55,14,4
55,0,94,2,18,-2,39,76,38,4
55,0,77,0,20,12,22,57,34,4
55,0,77,0,36,-1,22,41,20,4
55,0,77,0,12,3,21,64,42,4
56,4,95,0,44,4,39,51,12,4
55,0,78,0,6,-19,23,73,50,4
56,0,97,0,38,18,41,58,18,4
56,-1,97,0,46,7,41,51,10,4
56,2,99,0,50,2,43,49,6,4
56,0,81,0,-14,0,25,97,72,4
55,0,93,0,50,14,37,44,6,4
55,-1,98,5,50,20,42,49,6,4
105,-5,106,2,70,0,2,36,34,5
55,0,76,0,-22,5,21,99,78,4
55,0,95,0,52,-26,40,44,4,4
55,0,82,0,-38,0,26,121,94,4
104,2,105,4,70,0,1,35,34,5
56,0,81,0,-6,-6,25,88,64,4
55,0,77,0,10,-25,21,66,46,4
81,-6,86,-1,-40,0,5,127,122,5
55,0,80,-1,-10,0,25,90,66,4
106,0,108,4,70,0,2,38,36,5
123,170,105,0,36,-1,-18,69,86,5
55,0,92,0,-6,-21,36,99,64,4
82,1,86,0,-22,4,4,109,106,5
56,3,76,0,-18,-6,20,94,74,4
56,2,98,0,46,8,42,51,10,4
55,0,82,-3,-32,-17,26,115,90,4
55,0,95,0,36,11,40,59,20,4
55,0,81,0,-6,3,25,88,64,4
56,0,81,0,-6,10,25,89,64,4
80,-3,84,0,-40,4,5,126,122,5
55,0,77,-3,10,3,22,67,46,4
56,0,81,0,-14,28,25,97,72,4
85,0,89,0,6,16,4,84,80,5
56,0,78,0,12,-13,22,65,42,4
105,-4,106,0,70,0,2,36,34,5
56,0,96,-3,52,-5,40,44,4,4
81,-1,84,-3,-18,26,4,103,98,5
55,0,82,0,-20,-30,26,103,76,4
55,0,77,-2,16,-4,21,61,40,4
56,0,97,1,50,0,41,48,6,4
56,0,79,5,-22,0,23,102,80,4
81,0,84,0,-18,0,4,103,98,5
102,0,103,0,70,-1,1,33,32,5
55,0,93,-5,0,0,37,93,56,4
80,0,84,0,-24,28,4,110,106,5
55,0,78,0,2,-6,23,75,52,4
56,0,97,0,36,-16,41,60,20,4
81,-3,85,0,-22,0,4,108,104,5
56,-3,99,0,46,-22,43,52,10,4
105,-1,106,0,70,0,1,36,36,5
56,-4,98,0,46,18,42,51,10,4
55,0,97,0,42,5,42,56,14,4
56,0,95,0,44,-13,40,51,12,4
55,0,95,0,38,-24,40,57,16,4
55,0,77,0,-2,12,21,79,58,4
80,0,84,0,-32,16,4,117,114,5
55,-1,98,0,50,-7,42,49,6,4
56,0,96,2,52,0,40,44,4,4
83,0,87,0,-42,-30,4,131,126,5
56,0,81,0,-18,-19,25,99,74,4
56,2,81,0,-6,-22,25,88,64,4
55,0,96,3,46,0,41,50,8,4
106,-4,107,-6,72,0,1,35,34,5
80,0,84,0,-38,-4,4,123,118,5
56,0,95,0,38,-3,40,57,18,4
55,0,82,0,-24,-8,26,108,82,4
83,-1,86,0,-6,0,4,94,90,5
83,0,86,2,-2,0,4,89,86,5
55,0,81,0,-20,28,26,102,76,4
55,0,96,0,46,-12,41,50,8,4
55,0,82,0,-38,-16,26,121,94,4
56,0,96,0,42,11,40,55,14,4
55,-1,81,0,-20,29,26,102,76,4
55,0,92,0,-4,30,36,97,60,4
56,0,77,0,-14,17,21,92,72,4
55,0,79,0,0,0,23,79,56,4
55,-5,77,0,-4,1,21,82,60,4
55,0,97,0,44,0,41,53,12,4
56,0,97,0,52,20,41,46,4,4
56,0,77,0,18,10,22,59,38,4
55,0,97,0,50,-8,41,48,6,4
55,0,97,-2,50,0,42,48,6,4
55,-5,95,0,50,0,40,46,6,4
55,0,81,0,-6,-2,25,88,64,4
55,1,96,7,50,0,41,47,6,4
105,4,106,4,72,5,1,34,32,5
56,0,92,0,50,24,36,43,6,4
55,0,79,0,18,-5,23,61,38,4
83,0,86,-1,-4,15,3,92,88,5
55,0,77,0,-18,0,21,95,74,4
81,0,84,0,-22,-6,4,108,104,5
56,0,78,0,6,-9,22,73,50,4
84,3,86,0,-2,0,3,89,86,5
56,0,77,0,-4,11,21,82,62,4
82,-1,85,-7,-2,1,3,88,84,5
56,0,97,0,46,-7,40,50,10,4
82,3,86,0,-22,15,4,109,106,5
84,6,89,0,8,23,5,81,76,5
55,0,79,0,12,-11,23,66,42,4
56,0,77,0,-2,-7,21,79,58,4
79,5,83,1,-40,9,4,125,120,5
55,-1,93,-3,50,-4,37,44,6,4
56,0,81,0,-2,2,25,83,58,4
101,-2,102,0,70,-2,1,33,32,5
55,0,78,0,12,-30,23,65,42,4
80,0,84,0,-42,0,5,128,124,5
55,0,97,2,52,0,41,45,4,4
55,0,82,0,-40,16,26,123,96,4
102,-3,104,-1,72,14,1,31,30,5
85,0,88,-2,6,-6,3,83,80,5
55,0,81,0,-20,0,26,102,76,4
56,3,97,1,44,14,41,53,12,4
55,3,77,0,34,0,22,44,22,4
56,0,81,0,2,-3,25,78,54,4
55,0,97,0,42,0,41,55,14,4
55,0,98,0,44,11,42,54,12,4
55,0,96,0,46,-6,41,50,8,4
56,0,98,-1,42,-17,42,57,14,4
55,0,78,-2,18,0,23,60,38,4
101,0,102,0,70,-3,1,33,32,5
80,0,84,0,-36,-29,4,120,116,5
55,0,81,0,-20,25,26,102,76,4
55,0,77,0,12,-22,22,65,42,4
56,2,98,0,52,1,42,46,4,4
