0,1,2,3,4,5,6,7,8,9,10,11,12,13,14,label
-0.9471303278366782,0.7484043058129624,-0.08170263326472244,0.2757986100296337,0.8051547055313807,0.4605392108515614,0.5596833132283366,-0.8749965220383228,-0.4576427577503579,-0.6486326119814192,-0.6778833578041736,-0.7281009351746033,-0.7445777289362783,-0.4480354163849839,-0.5264459534443613,1.0
-0.6408051801891437,0.6299771178399235,-0.1850036407568024,0.008253316030978378,0.8003663222893969,0.4605392108515614,0.7422546390793278,-0.8017793868829672,-0.45355304281509695,-0.6170886133289047,-0.6630869358608582,-0.7177453485180847,-0.7413713035988001,-0.4556250866887368,-0.39993275332305456,1.0
-0.3344800325416093,0.8915123765481466,0.0027733404334184374,0.5319283639038028,0.7044818676145572,0.4605392108515614,0.3989257042322689,-0.8128571501025683,-0.4543370765761628,-0.829864024313988,-0.8650832593700108,-0.8520090021920876,-0.8146726220733003,-0.6356851494720033,-0.7919725721571583,1.0
-0.028154884894074826,0.7346527952511016,-0.11407295249646682,0.2527104230211009,0.7003942233835961,0.44348285333909904,0.4520847837852461,-0.7882923154650348,-0.4525188010145247,-0.547492467603004,-0.6448480810572614,-0.7048925593520816,-0.7686056251361144,-0.26405888911805003,-0.2925304641321243,1.0
0.27817026275345963,0.5461339526978326,-0.2047389759914542,-0.12256260323340329,0.7923078236626445,0.4605392108515614,0.7417804278433512,-0.8430745924361873,-0.45617627219434864,-0.9128868906559218,-1.0903109718894848,-0.983939332271291,-0.9497280690411294,-0.5754299785027853,-0.7497156523012225,1.0
0.5844954104009941,0.7494818495510183,-0.07980920626804001,0.33483032202472446,0.648305956897629,0.4605392108515614,0.4729500781682163,-0.5258293566286165,-0.4149921746034207,-0.6724078749063161,-0.7755397426300558,-0.794347035496522,-0.8166411237045369,-0.3463776208741394,-0.45553125250774384,1.0
0.8908205580485286,0.9535994205028161,0.13844466715724277,0.7468696148963797,0.7409202961877002,0.4605392108515614,0.15769444849097242,-0.7724212083123896,-0.4511895968246174,-0.8147369766330425,-1.0622078357903442,-0.968511303017382,-0.9711786486722331,-0.3168703449816642,-0.46916473254253194,1.0
1.197145705696063,0.4944118532711329,-0.2392576066232807,-0.24448262861699194,0.8410091849286719,0.4605392108515614,1.0125076224623923,-0.8233452225043959,-0.45502514868480554,0.33421506350575375,0.14773685544651105,-0.030343535235421406,-0.2951708359080926,0.655312904023097,0.8149751558223123,1.0
-1.559780623131747,-0.21574078171450803,-0.4759723932662175,-0.7706259013815971,0.03177241703346074,0.3408523135641137,0.28122647546287693,-0.2920309876390138,-0.3536922457231693,1.1111765842191266,1.5275283656435732,1.6531611440492433,2.0268899233635738,0.04636349147871593,0.6159675568258483,1.0
-1.2534554754842127,-0.41924261338741586,-0.47721040322558683,-0.9638673418672681,0.3636891285875366,0.42632903092656593,1.0114643577432436,-0.5787049666223015,-0.425214900743323,-0.8672419037581849,-0.5608205093682836,-0.6440700707304496,-0.3812978557325054,-0.8502879424838886,-1.1062466087777174,1.0
-0.9471303278366782,-0.6767242551762847,-0.5163169531186055,-0.9351742275003163,0.06622541840870796,0.30664213363911824,0.33367423816188874,-0.2373301441617442,-0.33555112206011717,0.09643311827290568,0.7166441807772516,0.5886505368030509,1.1698814296819178,-0.6437370112365616,-0.12151099165543937,1.0
-0.6408051801891437,-0.19547269711773574,-0.46100703758090034,-0.6783759960512901,0.278899708253877,0.44348285333909904,0.6935531451445308,-0.40898633316407923,-0.38763894046752434,-0.5807661093043088,-0.2009352915714805,-0.3547457487331431,-0.12096858845928038,-0.7284153520293947,-0.7828034558617217,1.0
-0.3344800325416093,-0.38937925836128595,-0.5001499995315475,-0.6604299442339672,-0.17319374369046792,0.42632903092656593,0.2819852134404392,-0.15915399003406544,-0.30714772190150025,0.17907487682442816,0.6906749504277594,0.5579817684834442,0.8922618181838108,-0.48775955614789585,-0.07188787162957365,1.0
-0.028154884894074826,-1.2488486684775777,-0.5499981064249763,-1.1163830716385559,-0.02954224643096187,0.44348285333909904,0.44596745884114786,-0.34299712260371823,-0.36929694262966045,0.09490868711126012,0.7005392317233029,0.5694532925113888,1.0550183448077008,-0.5454361852831464,-0.21852504983749466,1.0
0.27817026275345963,-0.7016616959713011,-0.528879113000441,-0.8661153518823663,-0.15777748544798462,0.42632903092656593,0.6113723379497862,-0.058457262770467665,-0.26622351177922776,0.3240131011162786,0.7873046447514521,0.6729311214981528,0.9527374353083984,-0.3799716423147894,0.08985946077307402,1.0
0.5844954104009941,-0.9173756900088467,-0.5368533536210846,-0.8219958319417848,-0.3214000445216155,0.44348285333909904,0.35297463546613644,-0.028804238791003245,-0.25324475032895466,-0.7343525488401107,-0.384733022649671,-0.5083237030664401,-0.25504993152711614,-0.8120963323015422,-0.9472294065079804,1.0
0.8908205580485286,-0.30132854148011806,-0.4929768241787312,-0.7083546442160442,-0.023235595331764267,0.44348285333909904,0.30877814827311734,-0.10271215461860762,-0.2848017709522329,0.20531268239506048,0.877291047590391,0.7828080319154713,1.4162485410552377,-0.5609317621533085,-0.16632633534661892,1.0
1.197145705696063,-0.764877595270601,-0.5218151738205102,-0.9621704372541688,0.02546576593426313,0.44348285333909904,0.5251133141256424,-0.2595699121463425,-0.34310732158930585,-0.274003654006994,0.447288907849958,0.28180677845014196,1.0093572244955122,-0.7812024820266505,-0.5943729648015668,1.0
-1.559780623131747,-1.798242040066541,-0.5090345415929036,-1.7499455485475377,0.5802174829933271,0.39211885100157046,0.8911569671759801,-0.6036685445747105,-0.42957480705568823,0.635143638011386,0.2451717972229009,0.06774970084026698,-0.37494588655129857,1.2745035063042724,1.220717137210271,1.0
-1.2534554754842127,-0.6396772752297795,-0.4323143361696352,-1.179785598546175,0.5972687989281954,0.44348285333909904,1.102370651679958,-0.7115763481242234,-0.44497342579320154,-0.12246933334263807,-0.12886564455505967,-0.29106708474128806,-0.4368014842008769,0.13632054527127468,0.04126657853321271,1.0
-0.9471303278366782,-0.05380135136662625,-0.3678285821095459,-0.5387156042580269,0.31300234012361355,0.4605392108515614,0.37621098602898995,-0.533804222926124,-0.41661998397857924,-0.3894499985177762,-0.6605705375711787,-0.7159895030036034,-0.8381322909981404,0.21392005895387656,0.2689491292401249,1.0
-0.6408051801891437,-0.5293573210954496,-0.4430194811124169,-1.015442957835104,0.17355527693023964,0.25537559620166045,0.5151074570465358,-0.45023660989308795,-0.3980417248055741,-0.6009941381799917,-0.861439514646555,-0.849722501144341,-0.900941698716462,-0.21178260231431603,0.09878818825177661,1.0
-0.3344800325416093,-0.5347450397857308,-0.43712072777659844,-1.1666217324566774,0.6090645722803981,0.42632903092656593,1.069744918644768,-0.6973395269522648,-0.44326235251138524,-0.9083429131548625,-1.1963217990371027,-1.0394708730759528,-1.0166794477175478,-0.4415404100673492,-0.5429125873906607,1.0
-0.028154884894074826,-0.012085015221877429,-0.35107903560043174,-0.6427409991762049,0.4385514129317167,0.40927267341410356,0.6431919118838161,-0.5922959359462228,-0.42762435004223104,-0.9005448614433673,-1.2231566703982448,-1.0528621215330634,-1.0374684484499062,-0.2863657085685034,-0.5176889322633262,1.0
0.27817026275345963,-1.8055795998066384,-0.5055753961181952,-1.7619267235430565,0.5333847590900243,0.4605392108515614,1.1752094975259642,-0.6243919647421771,-0.43296364805665777,-0.7618802577013662,-0.9419441287299815,-0.8991515033164499,-0.888339229510298,-0.5551665318264193,-0.25029071490595517,1.0
0.5844954104009941,-1.1011738647572977,-0.4612619219842999,-1.4423430214093567,0.6422328854687711,0.4605392108515614,1.3315095209038517,-0.7685769857908094,-0.4508494637659206,-0.08374291864006222,-0.31387124681229644,-0.45057589503461104,-0.634463400574529,0.24946014970318117,0.629875766936904,1.0
-1.559780623131747,0.6858554573991258,-0.2576092836680492,0.6092146558276887,-0.9243859635060251,-1.12969809871033,-0.8031523578448154,0.26862457748786667,-0.09968529047544278,-0.17383093709654618,0.010844788487946367,-0.16285134339494303,-0.15187609345281966,-0.38293939801048765,-0.07034251495056763,1.0
-1.2534554754842127,0.6977084385177447,-0.2844085580826318,0.36208363853813724,-0.9874524744980038,-0.3431563551356509,-0.6199645573870547,0.18491656187917044,-0.14720816520034008,-0.4576682930014203,-0.49384405249017393,-0.5937592439221788,-0.6389077496182487,-0.3109348335902676,-0.14280257256619128,1.0
-0.9471303278366782,0.6192016804593611,-0.23186595892469336,0.5520341125014337,-1.0972349195581128,-0.9586471990853538,-1.0218111587536258,0.36513730799678634,-0.04072403657344024,-0.34826104116946516,-0.18724608487562402,-0.3427279616562489,-0.33823434582029904,-0.45003013742635484,-0.2829149114627524,1.0
-0.6408051801891437,0.9848481889064474,-0.03713427472742752,1.1146351237717176,-1.1731483124188262,-0.8561141242104392,-1.004644712011273,1.3069297050112332,0.769496223136231,-0.07843672555818014,-0.09041507868875677,-0.25657447507903336,-0.3874062989387137,-0.03327939497797328,0.2231035477629413,1.0
-0.3344800325416093,0.9337931403652109,-0.10744595800807827,0.7341171196221793,-1.098519607744986,-0.5653763272980142,-0.9013140836919717,0.1127496379897542,-0.18545752232123316,0.25163193692198677,0.4833237313581687,0.3216059434450513,0.328316541581406,-0.24778488452442612,0.29985626282024874,1.0
-0.028154884894074826,0.8449214377788575,-0.1468073923044964,0.9385169934727757,-1.2805949607755305,-0.975801021497887,-1.118455408645657,0.37263480553704875,-0.03594676992895321,-0.35037179200866675,-0.3992274767982249,-0.5199513022512274,-0.6120590108746818,-0.22423744588970543,-0.031193479082410925,1.0
0.27817026275345963,0.7704682966398283,-0.17029316947488476,0.7004361341197537,-1.1861119841227334,-1.1467544562227925,-0.9155404207712697,0.44811523021204885,0.013543214590732894,-0.28112743808929974,-0.09343475663637239,-0.25922775274536075,-0.22456859698982407,-0.522715826104604,-0.14108550958951752,1.0
0.5844954104009941,0.9818721157251491,-0.04634652530744016,0.816134175921978,-0.8647063577339874,-0.46284325242309965,-0.8354461430148219,0.14827148963182096,-0.16694171107822123,-0.08649862112457568,-0.10974101755349536,-0.2739768550670036,-0.42994216923842365,0.09426112233797727,0.13896746190593773,1.0
0.8908205580485286,0.7026856643554327,-0.2705719761837984,0.6515344284513467,-0.7997712093792843,-0.770637406847986,-0.961254383919414,0.49924984826754576,0.048638951246964594,0.2823844040098006,0.5415028598155588,0.38645517111322725,0.4411908309931363,-0.3294954696215608,0.34707549467877136,1.0
1.197145705696063,0.6027306547490725,-0.28171406581812214,0.573888187064076,-0.7105437753091529,-0.5825301497105473,-1.0615974814520626,0.4716186213775902,0.02950906869235195,0.38200011722657,0.7720049431502005,0.6545142529907048,0.8689239122464698,-0.3578594297952015,0.2677471851564535,1.0
1.5034708533435974,0.39974193914190514,-0.31000623459547366,0.4425066329286612,-0.8578157574589382,-0.9415908415728914,-1.0702281259468367,0.4157664767799059,-0.008001321256953804,0.8174597417474335,1.222138269208069,1.228012416809506,1.5455202461168565,-0.2695808607813575,0.6169977946118527,1.0
1.8097960009911318,0.3929174954675492,-0.3326545344404062,0.46004131393068737,-0.8008223178958176,-0.7534835844354528,-1.1058888108922773,0.6200803048808365,0.13654482070085922,0.5230393156626728,0.768783953339411,0.6506904116480566,0.6868476582727112,-0.1569034478102565,0.4983487429237104,1.0
-1.559780623131747,-1.4433709690000172,-0.532593142878549,1.0761205311895548,-3.2799201490563967,-4.652079587283925,-1.6400877682199175,3.219240866020233,3.726093468668773,-1.1867274960584655,-1.4395266609380468,-1.1509319463352254,-1.0211562668912673,-0.8665862729438708,-1.1098696116584985,1.0
-1.2534554754842127,-1.2157526822372788,-0.532593142878549,0.5654550853504917,-2.127087686090077,-3.4722669719219064,-1.2774110149450135,2.778938388749398,2.889707526291911,-1.0724244749189173,-1.166749086336789,-1.024401816682782,-0.9200381939225818,-0.8463958038665794,-1.1284997449554064,1.0
-0.9471303278366782,-1.3725609519277497,-0.47538980034416134,0.8761943149553106,-1.8072003275585447,-3.7629073039342593,-1.4571844945037427,2.063166058032971,1.728800507716561,-0.8021311035655878,-0.893387707332326,-0.8696298873996378,-0.8271939159544649,-0.6795690123821643,-0.4659194835166188,1.0
-0.6408051801891437,-1.115181933352029,-0.5371446500821125,0.018434743709574042,-1.7094472355209793,-1.0783340963728014,-0.9882844243700803,2.2572024175955647,2.0190793023020595,-0.7621441015562666,-0.8647208980162973,-0.8517826932146656,-0.8338908802669193,-0.6419125712596979,-0.4024224946392313,1.0
-0.3344800325416093,-1.2065165930539397,-0.4771375791103297,0.993177890555338,-2.296432947087054,-3.7800611263467925,-1.5940892783301872,2.2083423212657656,1.9443499460767502,-0.885828237536711,-0.8997692933949532,-0.8735629813520759,-0.7863830213109932,-0.7785266367272504,-0.7651692190912844,1.0
-0.028154884894074826,-0.5394143959839744,-0.4678160923574315,0.4812783322703844,-1.7286007684889129,-3.2328931773470098,-1.445850845963902,2.5380075689162505,2.471202315453514,-0.7610300941689101,-0.5795022502708642,-0.6578202920482987,-0.5046031744066646,-0.8130693669558695,-0.7322016099391522,1.0
0.27817026275345963,-0.13497631296686322,-0.4689812782015437,0.9254045487351901,-1.899464297343105,-2.7882583032221415,-1.3572207659598754,1.8203538436859743,1.390749046686192,-0.8847728621171101,-1.0428013721803358,-0.9576718833746508,-0.9225749228288146,-0.6356851494720033,-0.6520491101880312,1.0
0.5844954104009941,-1.3680968421558022,-0.5148240587558366,0.08713366986413956,-1.1893820995075022,-1.3006515334352355,-0.9897544792016078,2.2878101790895196,2.066643808980286,-1.305691758634584,-1.669485202242118,-1.2357275790479085,-1.102288974845089,-0.9035615898083081,-1.4939250876510706,1.0
-1.559780623131747,0.5340757251529171,-0.29711636619498144,0.1119187614857719,-1.211455378354695,0.16989887883920823,-0.8226898607670514,0.040077264827960805,-0.2214691619506998,-0.36796138233534775,-0.11678693276459802,-0.28037593649755754,-0.033461588109877136,-0.6745092321796624,0.08333462146171489,1.0
-1.2534554754842127,0.47604229811760246,-0.3472557695494383,0.10415413734704476,-1.7683093124468245,-0.01820837829823148,-1.2708668998885364,0.15711685189842264,-0.16224770834039193,-0.8280464333135643,-0.7481411980520254,-0.776117457177285,-0.6267923323620814,-0.8016362097675238,-0.6361147657645008,1.0
-0.9471303278366782,0.5047767977991021,-0.2562256254781659,0.1700763104983564,-0.867976473118756,0.13568869891421276,-0.2460015766959077,0.12670565401039238,-0.17825519439533985,0.09543637482106046,0.3846809184027321,0.21407016038037466,0.47855177432413143,-0.5426873623846717,0.5436792055078924,1.0
-0.6408051801891437,0.41688001573765693,-0.3107344757480438,-0.10590208521388314,-0.37582410771098895,0.39211885100157046,0.11909365388247697,-0.33260733200485276,-0.3662172188821578,-0.49701034336542976,-0.47914828647844576,-0.5824594025667615,-0.5756315837811803,-0.5368978061914242,-0.12649047428779248,1.0
-0.3344800325416093,0.6161742956714884,-0.2616146100071852,0.22124055565089576,-0.4780152134850275,0.16989887883920823,-0.09273650522827037,-0.12472727848214936,-0.2937006009762774,-0.6893525135876853,-0.6469215932479572,-0.7063518620685617,-0.5579962444250505,-0.644466787227307,-0.31296351355453955,1.0
-0.028154884894074826,0.5175020762294807,-0.2822966587401783,-0.07638622921633774,0.10628433187213014,0.4605392108515614,0.36402375726439096,-0.5416386866479711,-0.4181863862225777,-0.7730496475588087,-0.9528954940866667,-0.9056988561460045,-0.7716294059923438,-0.2180830017010853,0.01980329132479347,1.0
0.27817026275345963,0.6509122533221591,-0.16428517996618072,0.20751105469036538,0.3538787824332282,0.4605392108515614,0.26586203141723497,-0.06530890846269242,-0.2691689724772448,-0.04958979742242351,0.18920709926042875,0.010938343749494482,0.15926892727005879,-0.5461416354075337,0.383305523486583,1.0
0.5844954104009941,0.6213567679354735,-0.18831713800099667,0.07309564079213626,0.6279845255779909,0.40927267341410356,0.6002757950279337,-0.6936216667487788,-0.4427991970306016,-0.8855057617140553,-1.027803638373846,-0.9492126098737721,-0.9010431678727114,-0.5618318192085613,-0.6805695262305788,1.0
0.8908205580485286,0.40512965783218635,-0.3185994801958018,-0.19774061972889329,-0.7078576091002347,0.30664213363911824,-0.2015679838849003,-0.3916606553275929,-0.38302507923985313,-0.9586198255052921,-0.9951709853532824,-0.9305070023261648,-0.7215645242989351,-0.7247664720756674,-0.7084031170824568,1.0
1.197145705696063,0.503237449601879,-0.240277144236879,0.032267087373929304,-0.05827254588286308,0.22116541627666497,0.2798512628785447,-0.1477813814055777,-0.30276595881363744,-0.38446628125855,-0.1892592035073677,-0.3446008635383623,-0.20711590211494305,-0.633106607638036,-0.10279500520969749,1.0
-1.559780623131747,0.7130506088834023,-0.01477727134352289,0.5186102337585691,-0.7040035445396144,0.2895857761266559,-0.6722700567152737,0.5760500571537531,0.1037076175127184,0.3955441017781144,0.43420363674362494,0.2676819767558702,0.16854320815124554,-0.03357130537427145,0.8031274212832646,0.0
-1.2534554754842127,0.8775043079534154,0.028698725464916714,0.6026327227829397,0.36660887446679447,0.4605392108515614,-0.23068455377386346,-0.2693700119274345,-0.34635461394895717,0.4586907310508989,0.5596209275012508,0.40674494150278884,0.33759082246259275,-0.1746370043853714,0.7619179098430999,0.0
-0.9471303278366782,0.4304262798732211,-0.19381535870290156,-0.019874163464940076,0.27352737583604164,0.44348285333909904,0.062472832306871125,-0.23791983497951766,-0.33575928182676146,0.8415281645111081,0.8438732783034474,0.7417602656658195,0.5575759532110929,0.09890736281239008,1.073908252704683,0.0
-0.6408051801891437,0.686830377924034,-0.015906045130006787,0.49336234996972766,-0.4635332739239065,0.3750624934891092,-0.42046389041169896,0.6457739762266794,0.15614306273042158,0.7350525110669333,0.7788495464981289,0.6627862363033721,0.5765303915984634,-0.10304597969324052,1.1297127994465732,0.0
-0.3344800325416093,0.9440554616800323,0.11095356364771855,0.7598792169301412,0.17483996511711392,0.22116541627666497,-0.5181039838992809,0.3413250311647922,-0.055680315806834337,-0.017342215156841968,0.1827651196388495,0.00461729989736173,0.10853434914540468,-0.5022577724973725,0.38519429276092404,0.0
-0.028154884894074826,0.8525668671583995,0.03689143843133122,0.6135854707402173,0.1202991120925694,0.3750624934891092,-0.14418842433173165,-0.3624007585599776,-0.374907889139558,-0.013413873317216505,0.03540483579521824,-0.1394400698685258,-0.24220393634595383,-0.16493098370845663,0.26431305920310644,0.0
0.27817026275345963,0.9236847538701116,0.017010454966165413,0.5631411245144475,0.5124793785945357,0.25537559620166045,0.13654462736641595,-0.6796628426766276,-0.441001737445628,-0.7399812177446486,-0.4974676660273124,-0.5965061666826119,-0.37681291902628583,-0.8298542147430155,-0.6888629404079121,0.0
0.5844954104009941,0.7983818106161424,-0.06087493630121534,0.45361364494167444,0.21898652281149844,0.30664213363911824,-0.40083154524226755,-0.06561779412914509,-0.26930427632556364,1.314453616427802,1.123495456252633,1.0969092850615692,0.9320377274335395,0.29774699442417324,1.9348436292087987,0.0
0.8908205580485286,0.6569157112913296,-0.07354633235593636,0.3829607074144495,-0.13103261319397902,0.3408523135641137,-0.4442218733341267,0.6748373093883703,0.17870758143466545,0.7203652031441546,0.9819732164410577,0.9139111636634077,1.1244232476822276,-0.3148269722075769,0.8776479544708967,0.0
1.197145705696063,0.9697625765736597,0.13516758197067702,0.7899092864468071,0.13875190604948173,0.10147851898921728,-0.5497338733389202,0.04810829215573245,-0.21760779827944776,-0.10913056067823829,0.08392099482023888,-0.09285163555095544,-0.024491714697438233,-0.5466281527346973,0.24491024756669522,0.0
1.5034708533435974,0.7033527152408964,-0.12521504213079063,0.29436171806990175,0.1372336381922679,0.44348285333909904,-0.455745206368358,0.4230393301991117,-0.0032032386358023177,0.6111924791832222,0.8255538987545802,0.7193634806588804,0.8890148051838328,-0.32971440241878447,0.9652181662812473,0.0
1.8097960009911318,0.6558381675532732,-0.12110047961876916,0.28891105476721884,0.24888472061510283,0.40927267341410356,-0.09548693039693477,0.2976879106495577,-0.08240802984396454,0.2635635423602519,0.3476395355786503,0.17458314569915093,0.07371013472064211,-0.17247200227949325,0.5469416251635717,0.0
-1.559780623131747,-0.13928648791908851,-0.36884811972314413,-0.904012888241584,0.8134467838284739,0.4605392108515614,1.3143904952850962,-0.8411426529951009,-0.4560718800713765,-0.03909467519417066,0.008429046129853868,-0.16511443316916333,-0.2525334964521333,-0.27957879185457046,0.31153229106162866,0.0
-1.2534554754842127,-0.061395469139594275,-0.3544289449022546,-0.7750481376460375,0.7916070846516231,0.4605392108515614,1.1729332835932762,-0.806963049976347,-0.4539272099956401,-0.1368048494588829,-0.09464262781541836,-0.26039831642168154,-0.35534204556393234,-0.29536627912103086,0.15407761610066478,0.0
-0.9471303278366782,0.041432990434916404,-0.34838454333592206,-0.6597100453071977,0.8015342206411014,0.42632903092656593,1.1102425581971698,-0.8251676479364671,-0.4551394283966933,-0.1375670650397057,-0.1564453698099469,-0.3157269595224476,-0.42432077798221196,-0.24844168291609697,0.30140161949925515,0.0
-0.6408051801891437,-0.02783767844012836,-0.3587255677024186,-0.8390162994246897,0.7756068772332882,0.4605392108515614,1.2539285626980796,-0.7353970491107572,-0.44761913642725076,-0.6892059336682964,-0.20697464746671118,-0.3598962289089549,0.022184097177243536,-0.8167182469095968,-0.994895074740438,0.0
-0.3344800325416093,-0.5392091495576783,-0.42088095007428344,-1.1548462428688067,0.8058554445424033,0.4605392108515614,1.304100111464404,-0.8358157792745475,-0.4557745238447251,0.8515835469811944,0.6669201505731847,0.5300443154085862,0.15084698730136606,0.7065431785734291,1.1144309389541784,0.0
-0.028154884894074826,-0.6385484198851491,-0.4393418632919375,-1.2850965272621553,0.7821471080028255,0.4605392108515614,1.3208397680943778,-0.814536364907466,-0.4544508358886339,0.5465800507165474,0.4338010130172764,0.2671357137069204,-0.02140705234745928,0.35114227108038387,0.9042624306093368,0.0
0.27817026275345963,-0.5101154686301593,-0.4161109705249487,-1.189967026224771,0.7951107797067326,0.4605392108515614,1.4164407532672607,-0.8022539475886992,-0.4535879095760099,-0.719547976981821,-0.786169009005662,-0.8013548100387629,-0.7861597891672447,-0.6269035117166993,-0.40420824013497164,0.0
0.5844954104009941,-0.2238480155532165,-0.3730719184080512,-0.8873009488701514,0.7502634830013267,0.4605392108515614,1.1309181680857496,-0.7819208465815684,-0.45199965055651375,0.9572383528767908,0.9264111422049347,0.844067530976263,0.5814617925921801,0.3471528289976419,1.0299514405018402,0.0
0.8908205580485286,-0.21563815850135973,-0.3697584211638568,-0.8500718900857913,0.8102934582788751,0.44348285333909904,1.2435433366301918,-0.8492494977137292,-0.4564981912734641,0.1206188049720919,0.022722188415233182,-0.15161393210226276,-0.3825966609324964,0.2802810223789983,0.4483822103025104,0.0
1.197145705696063,-0.24586069477350847,-0.38829215849676785,-0.9116232483245748,0.7792273621235676,0.4605392108515614,1.2251913617978978,-0.851922762754302,-0.45663182984364975,-0.38657703209775157,-0.324339463697363,-0.4592380662393854,-0.4720924567443862,-0.533394881435846,-0.07223128422490832,0.0
1.5034708533435974,-0.4169849026981552,-0.4058791823313377,-1.0348288075059657,0.7814463689918041,0.4605392108515614,1.2550666696644235,-0.7617225320470715,-0.45022560894528757,0.49275590431690414,0.28080399700476244,0.10442736269832052,-0.20242802709622504,0.5798783924463732,1.0205075941301356,0.0
1.8097960009911318,-0.3651088684517333,-0.40719001640596403,-1.0641903994477746,0.7548182865729696,0.4605392108515614,1.203235381572181,-0.7086026215717374,-0.44462371738523904,1.9994215797326336,1.0677320701533353,1.024178261972833,0.08369469969557405,3.1449923481839948,2.285467889045536,0.0
2.1161211486386664,-0.5215066452896111,-0.4222646082641668,-1.1950577400640687,0.7933589321791779,0.44348285333909904,1.268818795507745,-0.8065727308160114,-0.45389952474667644,0.20912376029917462,0.1223715606865415,-0.05539359790868774,-0.29308057128935683,0.23649446293426993,0.5756165768740202,0.0
-1.559780623131747,0.8630857465060914,-0.022605863733652348,0.5035951990002357,0.6004221244777942,0.44348285333909904,0.07518169343104408,-0.6851918961061318,-0.441725092634717,1.1447727017430869,1.250120618189305,1.2658606423438805,1.1349760399321556,0.43338802523739867,0.8749006537082189,0.0
-1.2534554754842127,0.8662670661136858,0.0015353304740491074,0.5161420088667881,0.6293860036000349,0.4605392108515614,0.07698369612775487,-0.7342878687630405,-0.4475015261590968,0.49923473675389823,0.36736809816973715,0.1955752542945052,-0.06716964181589724,0.45270276312579527,0.927786193389764,0.0
-0.9471303278366782,0.8660105080808153,-0.021877622581082248,0.5041608338712686,0.6068455654121616,0.22116541627666497,0.0865627630944823,-0.7383455031996244,-0.44792721288188436,1.2063362678864702,1.2654203197905567,1.286540600625549,1.1771872089318678,0.18275862414904492,1.1534082685246683,0.0
-0.6408051801891437,0.8671906750320201,-0.03782610382236919,0.4658005053448426,0.5582609939813052,0.42632903092656593,0.07247868938597712,-0.6980555800881325,-0.44334977961337585,1.6018968383496455,1.5734274704473272,1.7195711232858468,1.4854505056172658,0.8368081929214962,1.157700925966352,0.0
-0.3344800325416093,0.5859517593993396,-0.19836686590646516,0.006710675473615554,0.6504081739306945,0.44348285333909904,0.6304830507596431,-0.762598644119192,-0.4503065830945122,-0.14304915402485477,0.27134233943556757,0.09475070297406814,0.30085898790034327,-0.5626588986647395,-0.282228086272083,0.0
-0.028154884894074826,0.862983123292943,-0.011245301753557506,0.5662264056291731,0.5080413648580627,0.4605392108515614,-0.16993809444526073,-0.6546346795394149,-0.4375442037216659,0.38525419143700596,0.2371193226959268,0.05955575510602086,-0.21180377713366105,0.3447688940945399,0.8742138285175496,0.0
0.27817026275345963,0.991570009367655,0.10618358409838383,0.7440928618931264,0.6135025860168711,0.4605392108515614,0.16926520264880146,-0.7656060672898365,-0.45058177030601604,0.024051954078613838,0.19947400428232132,0.021239304101118087,-0.03447627967237017,-0.2028306834945049,0.06479034131364035,0.0
0.5844954104009941,1.0047057806506263,0.18916666343375577,0.922730638435761,0.24689929341720718,0.40927267341410356,-0.5522471928895961,-0.07800130130238733,-0.2745499024450003,-0.3725053598364068,-0.3503086940468554,-0.4804642875700037,-0.5462461161313806,-0.3349201378194356,-0.16151855901193274,0.0
0.8908205580485286,0.7796530742165931,-0.09601257191272643,0.3283512316837997,0.5430783154091615,0.4605392108515614,0.1556079190526754,-0.7260097329021067,-0.4466085207601926,0.33362874382819757,0.5274110293933535,0.37061354269368474,0.39532677236844926,-0.17981841391966435,0.4792893438826342,0.0
1.197145705696063,0.7711866591318659,-0.11381806809306737,0.2211891342989839,0.684744385470772,0.42632903092656593,0.4547403667067151,-0.8046042867052534,-0.4537586005846583,1.4834602634833274,1.4288855526881366,1.5128495780475826,1.3504965278056862,0.23968115142719187,1.493901856799032,0.0
1.5034708533435974,0.706482723241917,-0.15186866831485918,0.18288022712446922,0.594582632719277,0.44348285333909904,0.3448656233309366,-0.7496001736645576,-0.44906657536461203,1.4693885912219828,1.452841664405886,1.5465618119256235,1.4383688171175868,0.2564173474816214,1.4269364007087635,0.0
1.8097960009911318,0.8391232262359831,-0.041248837239448985,0.40928843959344463,0.6832261176135568,0.44348285333909904,0.21976869928030912,-0.7730249393877291,-0.45124246940534507,0.36030628915699675,0.4468862841236095,0.28141659055803514,0.16121713507004537,-0.1430863557188088,0.6092710112168214,0.0
-1.559780623131747,-1.7013657268546272,-0.5384190720991103,-0.1459593183534087,-1.602350956669787,-0.8047501218729106,-1.1450586589839444,1.3120684392804018,0.7751165368356273,-0.12003610668078056,0.02393005959427943,-0.1504433684259418,-0.00164086071009404,-0.4754993195033718,0.5333768276478511,0.0
-1.2534554754842127,-0.9314863818167263,-0.4821988551206925,-0.2007230581397952,-1.6670525253541495,-0.18925927792320774,-0.9405313529072366,0.9942531690156498,0.4532807216268504,1.5423853910777088,1.091688181871084,1.0553152557629681,0.7188307363224933,0.8795000883801063,2.249237860237725,0.0
-0.9471303278366782,-1.3089858713824312,-0.5075416472301347,-0.2637142142321174,-1.3575594621527773,-0.5141097898605564,-1.1186925142636452,1.1082038994215841,0.5631058145083916,1.4614732755749766,1.0922921174606073,1.0559395563903393,0.8512682790590902,0.7187547634852367,2.236359887912673,0.0
-0.6408051801891437,-0.7264965135531687,-0.52035869151537,0.022394187806805976,-1.805331690195819,-0.497053432348094,-1.4616420801219228,1.208170533291748,0.6645837007474957,1.7162291754730712,1.1023577106193252,1.0692059447219755,0.6042111774232747,1.199360905123847,2.546289755202248,0.0
-0.3344800325416093,-1.0701303427799629,-0.46716067532011835,-0.32521415111898855,-1.5203644923802158,-0.08662873814822133,-0.7681555686297423,1.0742545566269133,0.5297273959269754,-0.24641731317798266,-0.032839885820890105,-0.20358695933090906,-0.05219279435349942,-0.6198490104728264,0.14806789568230727,0.0
-0.028154884894074826,-1.8767487981249247,-0.5255292036986182,0.05741212845894584,-2.3652221600023773,-0.9586471990853538,-1.3427573232625891,0.8793477010952254,0.34885737468972927,0.4621207011646014,0.3573025050110191,0.18472803089393186,0.010332499727324322,0.04986641623429423,1.1578726322640194,0.0
0.27817026275345963,-1.0664872187132015,-0.5250558469494476,0.22437725811753384,-2.037159513008923,-1.7281325851475706,-1.29856083606957,1.2996006905617634,0.7615861520037469,1.1704241876361632,0.7579131127279952,0.6376581360516843,0.2862880170629426,1.0244336001421572,1.875089837620559,0.0
0.5844954104009941,-1.1968186994114332,-0.5244732540273914,-0.2185662672532937,-1.6217380693080619,-0.44568943001056543,-1.2228293016841068,1.2073281178377862,0.6637510616809184,0.9766162182200174,0.9487567590172887,0.8720049840511209,0.8235874932342789,0.02578380853969369,1.4815390033669824,0.0
0.8908205580485286,-1.5499451758544376,-0.5219608220510243,-0.09026999423260487,-2.03260470943728,-0.8047501218729106,-1.3347431533745844,1.2772205200015045,0.7374396190730061,1.469095431383205,0.9582184165864835,0.8839447335495938,0.3517559166749962,1.1166286336396685,2.078733506654041,0.0
1.197145705696063,-2.2527602510999807,-0.5095807224573313,0.38789715719801143,-2.9589816820083326,-1.0270675589353446,-1.4487435345033592,1.8713761396809427,1.4595458495621383,0.6808179408930007,0.3568998812846706,0.18449391815866772,-0.102420026696907,0.5791242905892695,1.6516999443553306,0.0
-1.559780623131747,0.9258911529527984,0.06478307457476909,0.6308116236307706,0.13501463132403135,0.39211885100157046,-0.19559292231159495,0.188426626270679,-0.14528268735888014,0.12736148126398628,0.6224302288116513,0.4785395136504685,0.7619145400659496,-0.20304961629172857,-0.2459980574642714,0.0
-1.2534554754842127,0.825063846034678,-0.06364225268098204,0.36938547050965526,0.4794278552413326,0.20401159386413184,0.04326727724981881,-0.2935754159712775,-0.35418142117478346,-0.16125438001296938,0.18779791621820852,0.009533667337909396,0.15594073894508134,-0.34192598733059204,-0.31605422691255197,0.0
-0.9471303278366782,0.8932056595650918,0.044028201726519,0.5941996210693554,0.5669034417839092,0.3750624934891092,-0.1117049546673344,-0.3907620788433667,-0.38278257311171243,0.08054385501113726,0.8535362477358163,0.7534659024290282,1.5047296453046346,-0.5337111176985024,-0.479862034887208,0.0
-0.6408051801891437,0.7433757683687,-0.04762094732443808,0.39838711298807944,-0.14878466813986868,0.30664213363911824,-0.15481075601760758,0.41944502426220687,-0.005576259975547524,0.33679487008700004,0.9972729180423093,0.9333425206903343,1.5132530544295761,-0.29743397776147634,-0.18023454545767462,0.0
-0.3344800325416093,1.0304642071508283,0.218587605997591,1.008295768017495,-1.4422320926512657,-0.5825301497105473,-0.9820722571787868,2.8241480181120284,2.970889835283194,0.037742518549547195,0.47808962291563517,0.3157531250634471,0.5401638459987116,-0.3155080964656059,-0.21989870021883334,0.0
-0.028154884894074826,0.8861246578578654,0.06856992856813408,0.6575507266250624,-0.4847890239249056,0.357908671076575,-0.5734918562613477,1.554740251051738,1.0535302247224,-0.2691665166671568,-0.08095342111956189,-0.24799034145268045,-0.23096115383353036,-0.19397606814012647,-0.2896114570717792,0.0
0.27817026275345963,0.5937511235986037,-0.15197790448774476,0.09752078295038383,0.20345347473384404,0.3408523135641137,-0.05664903017045105,-7.787181089703748e-05,-0.24026598887868153,-0.32668447703540326,0.21980650246293187,0.04199729996120796,0.4292783520494675,-0.6918535748930464,-0.6143252365905133,0.0
0.5844954104009941,0.7866314527106719,-0.04059342020213574,0.4028093492525199,0.15743827967673496,0.3236984911515795,-0.1610229232089007,-0.12913591935788415,-0.29545955100442195,-0.2114433444117655,0.5996819882729488,0.45247496245772384,1.3046324691809987,-0.7529844770511589,-0.6687904742105983,0.0
0.8908205580485286,0.6419327221716902,-0.14178252835176225,0.13485268443856793,0.5160998634848164,0.4605392108515614,0.4885516278318465,-0.1712286115408549,-0.3117272367676752,-0.7196652409173321,-0.5643434669738349,-0.646668722091882,-0.541781473256411,-0.6855531755062773,-0.7748534542797232,0.0
1.197145705696063,0.6258721893139949,-0.1730968979122799,0.08718509121605142,0.3082139568816298,0.357908671076575,0.024488512305145083,-0.14736017367859663,-0.30259943100032194,-0.5973003242113888,-0.09927280066842879,-0.26461234565643665,0.11090872740163846,-0.769526066174723,-0.9078228111933224,0.0
1.5034708533435974,1.1378080881038604,0.4730350647056116,1.1811229317940626,-1.082869769832163,-0.052418558223225865,-1.0290191695404702,3.1057955848866765,3.501280920692911,-0.8408575182681636,-0.47351155430956365,-0.578167335753585,-0.2593725175833367,-0.8303407320701791,-1.1274523365396356,0.0
1.8097960009911318,0.9707374970985678,0.15279101786287536,0.7911433988926977,0.08234241566221268,0.40927267341410356,-0.424352422546707,-0.11077126246151137,-0.2880906952652132,-1.0623690924488316,-1.08312413837416,-0.9800140420766952,-0.8518712147542966,-0.8206103855269061,-1.2203969554669747,0.0
-1.559780623131747,-0.6493238572657121,-0.46373794190303846,-0.9368711321134156,0.2696733112754215,0.08432469657668416,0.4488127262570072,-0.2735540086821127,-0.3477180604204774,-0.992479786884153,-0.5546402351688308,-0.639489264877114,-0.15802512432152782,-0.9074537284256174,-1.3824533592054238,0.0
-1.2534554754842127,-0.6547628875625672,-0.46879921791340123,-0.8436442210967787,0.15778864918224564,0.20401159386413184,0.2632538696193634,-0.24210383173419586,-0.3371955842166073,-1.1284180041255183,-1.1032754558779136,-0.9909471068135319,-0.8066768525608549,-0.8792357234501258,-1.3755164247796625,0.0
-0.9471303278366782,-0.6195118138461555,-0.494178422080472,-0.17506380353565718,-0.03222841263988019,-0.9928573790103493,-0.44910624906468555,1.7749195702022875,1.3306949540093067,-1.0968446894891262,-0.9782406576603185,-0.920650856171543,-0.7095505761990171,-0.8763166194871438,-1.4046893247533463,0.0
-0.6408051801891437,-1.346853837034122,-0.4950887235211847,-0.4466713843353684,-0.01132303214439173,-0.27473599528565995,-0.37584061310630074,0.8255454341021821,0.30214632305474476,-0.7292515676453732,-0.4026497784721891,-0.5226826174959761,-0.29206587972686376,-0.773661463455614,-0.9335444145838921,0.0
-0.3344800325416093,-0.9050095928244868,-0.484092282117375,-0.16981882564062317,-0.06901721071853376,-1.540025328010132,-0.7480490122243344,1.5490679869950603,1.04676503230646,-0.7119258211735925,-0.4666669509616355,-0.5728607804209305,-0.42992187540717375,-0.6789608657232097,-0.8975032627035145,0.0
-0.028154884894074826,-0.6026302952832742,-0.4635194695572674,-0.05602337385914613,-0.20893143325258812,-0.838960301797905,-0.32562164321637876,1.6453560733829236,1.1647916199937869,-0.910482979977942,-0.6715017717415465,-0.7236371856888997,-0.5149936160065938,-0.8191508335454152,-1.1786208132445073,0.0
0.27817026275345963,-0.8128026358108169,-0.5007325924536036,-1.0780227431121296,0.17133627006200441,-0.3089461752106554,0.1279614039952396,0.2045729224716184,-0.13635263336983902,-0.8358444850250595,-0.6300516591139459,-0.6943574862651939,-0.5435064489126493,-0.6846044667183081,-1.0878568642975437,0.0
0.5844954104009941,-1.2164197331227422,-0.5129306317591541,-1.3489104249850714,0.19749719314015712,0.3236984911515795,0.4885516278318465,-0.22595753553325648,-0.33160649448220736,-1.111209521589249,-1.0366009667945655,-0.9541914073770568,-0.7676518150673709,-0.8609913236814889,-1.426650560225001,0.0
0.8908205580485286,-0.7336288268669696,-0.47032852433379857,-0.4868828815306304,0.28392167116620165,-0.0011520207857691268,0.011684808933777229,0.6974702045848175,0.19652605745941892,-1.0317925212642847,-1.0089407167944084,-0.9384590315673044,-0.8173514077982821,-0.7651474102302501,-1.2717886503588138,0.0
1.197145705696063,-0.560811335925377,-0.4788489458188697,-0.2025228054567185,-0.2878813618277306,-0.8219039442854438,-0.4873750958079973,1.224850359280197,0.6819650412622961,-0.8500041052380376,-0.42559933087406615,-0.5407873356897389,-0.16707617305896605,-0.8624508756629798,-1.1834972720982602,0.0
1.5034708533435974,-0.48384392606421706,-0.4666873185709477,-0.3248027803036919,-0.106156378302698,-0.5995865072230097,0.14081252849020542,1.0306174361116787,0.4876478990998269,-1.2331083141515353,-1.324658111810757,-1.1010659337239566,-0.9340409374849864,-0.8845874140489259,-1.5739917342533578,0.0
-1.559780623131747,-0.5066262793831205,-0.38188363635415035,-0.8148482640260029,0.47207009562560165,0.3750624934891092,0.7595159280688759,-0.38713969239132995,-0.3818000590131513,0.22363517231868643,0.044463869638063994,-0.13085593624217262,-0.440596430644601,2.1011694227543867,0.311188878466294,0.0
-1.2534554754842127,-0.9759735447164768,-0.4448036719362138,-1.3258736593284508,0.6543790283264858,0.44348285333909904,1.1198690462874945,-0.6159116491722924,-0.43160332398163714,-0.9166686525761581,-0.9719194651566437,-0.9169440711965269,-0.8662189534479487,-0.6284117154309067,-0.9822918324916541,0.0
-0.9471303278366782,-1.5417866304091545,-0.4783027649544421,-1.638875428417402,0.756920503606035,0.4605392108515614,1.3598199316916542,-0.664940228592884,-0.4390034036858425,-0.6548769165473908,-0.44995806631816343,-0.5599065424029795,-0.4627572943694499,-0.6528105593881637,-0.7654954610568523,0.0
-0.6408051801891437,-0.554038203857595,-0.39706746438523854,-1.0966886938562217,0.6577659335464255,0.44348285333909904,1.1301594301081868,-0.5787892081676977,-0.4252284311281549,-0.6779485958592207,-0.8154397539112138,-0.8204115866892665,-0.8506738787105548,-0.17595060116871325,-0.45565144691611104,0.0
-0.3344800325416093,-0.5289981398494308,-0.3756935865573038,-0.9093092874885302,0.4349309280414374,0.44348285333909904,0.869106144703068,-0.46495079982229187,-0.40155858406302974,-0.7993754010810744,-1.013812463883228,-0.9412527768747903,-0.9565062086785833,-0.16208485734454933,-0.6105476980418316,0.0
-0.028154884894074826,-0.8335838364733302,-0.42750794456267205,-1.132940746954252,0.3757184816100802,0.44348285333909904,0.8002032521156683,-0.199954978520961,-0.32234338486653535,0.4906451534777023,0.1416974995512798,-0.03635242877386855,-0.4520421514695229,2.636581741297982,0.778058301823831,0.0
0.27817026275345963,-1.5347569403085017,-0.4756810968051894,-1.5964528130899196,0.615020853874085,0.3750624934891092,1.2077878094375563,-0.5003884099189624,-0.4095956326531668,-0.901922712685624,-1.0244014678861992,-0.9472772779289216,-0.9174405835225996,-0.5451442748868481,-0.8828052036231889,0.0
0.5844954104009941,-0.33622043395051093,-0.37507458157761914,-0.9172795970349057,0.6387291904136616,0.2895857761266559,1.067231599094092,-0.6064765960879173,-0.4300452481283044,-1.2839803409746842,-1.6279948272418823,-1.2219071239094803,-1.0992550470732347,-0.8488283905023977,-1.527837081440373,0.0
0.8908205580485286,-3.220805020727083,-0.5180283198271454,-1.7407925479071837,0.6665251711842005,0.4605392108515614,1.2961333626999971,-0.5021574823722826,-0.4099796874226256,-0.5391374121978305,-0.7631590630448325,-0.7861530897622758,-0.8806072798041007,0.5370162159232558,-0.25612872902664535,0.0
1.197145705696063,-1.0875249774085853,-0.4403249888479072,-1.3049965904521381,0.5709910860148703,0.4605392108515614,1.0641492260602439,-0.45635816219187886,-0.3995165367522491,0.05899660686095318,-0.04854221114848995,-0.2181799864957091,-0.46979925381315185,2.0675997271800948,0.017571109455118108,0.0
1.5034708533435974,-1.1108717583998042,-0.46151680638769943,-1.4872852829805319,0.7566869239356941,0.4605392108515614,1.3216459271955379,-0.6633958002606203,-0.43878795832736567,-0.11478854556665394,-0.44814625954959436,-0.5585799035698159,-0.79711845804217,1.9746749176918381,0.27925150710016616,0.0
1.8097960009911318,-2.013545541251494,-0.49923969809083474,-1.6057600777860097,0.5883927714552493,0.42632903092656593,0.7923313455984567,-0.45680745043399196,-0.39962894302623697,-0.5320429440994026,-0.5220679757072192,-0.6151493441674822,-0.6604192107431021,-0.06947628411894873,-0.5286953059438037,0.0
2.1161211486386664,-0.49159197865690674,-0.3850150733102021,-0.9391336715975479,0.6502913840955247,0.4605392108515614,0.98154162875312,-0.504768970279565,-0.4105458819878981,-1.1542453859218613,-1.50451013037073,-1.1769262637073905,-1.0950806059851383,-0.6150811406666227,-1.1774875516799028,0.0
-1.559780623131747,-0.11881315689601958,-0.38177440018126485,-0.40255186439478663,-0.058506125553203975,0.3236984911515795,0.2899045410812487,0.3461548797675079,-0.05268281516715619,1.3552907819695796,1.2020070828906335,1.2010114146757047,0.7748620044033612,1.5985970237943377,1.1182084775028602,0.0
-1.2534554754842127,-0.14903569316816892,-0.4137441867790957,-0.6944708791997773,0.37338268490667387,0.3750624934891092,0.6408208557039328,-0.2504718252435524,-0.3400473730196344,1.5505938665634929,2.150588582168217,2.6066242772017967,3.5846444101029524,0.14208577559816385,0.5565571778329437,0.0
-0.9471303278366782,0.3837840294973582,-0.3484937795088076,-0.09206974154952817,-0.09365986593947388,0.30664213363911824,0.2876757482721583,0.3364109410166801,-0.05874026437650578,1.3630888336810745,1.6436853106951788,1.8223466140668183,1.9509909944890915,0.8106822124528081,0.629875766936904,0.0
-0.6408051801891437,0.4387900717448006,-0.3219129774399961,-0.09597776429484794,0.08864906676141028,0.15274505642667402,0.37483577344465774,0.31827092824136405,-0.06991844384530557,2.4283144238648693,2.8143137950540806,3.73965187830197,4.845906022281852,0.8716428335464134,0.9803283204759748,0.0
-0.3344800325416093,0.04009888866398943,-0.33931794098642337,-0.5218494008308582,-0.09365986593947388,0.39211885100157046,0.5309461123281544,0.2854448060519758,-0.08973525362984446,2.292288258671871,2.585422206624834,3.3361195602849585,4.078190386099586,0.6160023039882743,1.0897052320900795,0.0
-0.028154884894074826,0.19665060032159,-0.356176723668423,-0.44554011459330223,0.328185018695756,0.22116541627666497,0.5146806669341573,0.13223751549140977,-0.17538258961564823,2.1890959954220093,2.409475638210443,3.0348945075783895,3.5213276566033835,0.6855499559063178,1.1539233874176702,0.0
0.27817026275345963,0.22297345449410672,-0.33294583090143426,-0.324391409488395,-0.05617032884979765,0.03305815913922634,0.38678589659126794,0.7500369289120498,0.2389177939365338,2.291995098833093,2.5606608474543875,3.293276929731615,3.9209131939131594,1.31495742205793,0.9796414952853051,0.0
0.5844954104009941,0.44212532617211775,-0.3105160034022728,-0.09587492159102365,0.48795351320876673,0.42632903092656593,0.5207031496310601,-0.285179341946789,-0.3514961601850718,2.089128490398706,2.4692652615732285,3.1361092467909333,3.9371482589130484,0.9670002296704885,0.8958488220236361,0.0
0.8908205580485286,0.22435886787160758,-0.32009237455857065,-0.4253315232918471,0.4179964019417389,0.4605392108515614,0.7813296449237997,-0.20256646642824336,-0.323290511804767,2.2480211230163905,1.7999033165184817,2.056147199017306,1.4458775346800357,1.5222138034296449,1.8853922154806007,0.0
-1.559780623131747,-0.05708529418736896,-0.3693214764723148,-0.8441584346158997,0.7523657000343922,0.4605392108515614,1.2101588656174396,-0.8040033636814271,-0.45371509519342956,-0.6491309837073418,-0.43747673080135324,-0.5500738075218844,-0.3259159902516329,-0.7157659015231398,-0.5053260788312767,0.0
-1.2534554754842127,0.42575692367497747,-0.2458117769964123,-0.13032722737213043,0.6476052178866064,0.44348285333909904,0.6534822957045083,-0.5000233632222455,-0.40951445034417555,-0.8606164914018016,-0.7456247997623459,-0.7744240417255408,-0.5970821634122839,-0.7712288768197958,-0.8527394309016352,0.0
-0.9471303278366782,-0.9673018832054529,-0.46078856523512923,-1.4052682266807326,0.7220003428901061,0.4605392108515614,1.2702414292156745,-0.7494148422646858,-0.449048153225264,0.16292176970775943,1.0937013005028275,1.0578124582724526,2.332920898611487,-0.7330372666374493,-0.32587582713912455,0.0
-0.6408051801891437,-2.2872929623243548,-0.5387467806177669,-2.0847499708472195,0.7647454225624465,0.4605392108515614,1.4374008898974262,-0.6327880387666656,-0.4342792177818498,-0.5427725941986778,-0.5831459949943202,-0.6604735697146259,-0.6773645598367365,-0.4828700570099011,-0.16254879679793677,0.0
-0.3344800325416093,-1.3471617066735668,-0.4949794873482992,-1.7686629206435418,0.7063505049772818,0.4605392108515614,0.7856449671711866,-0.7057412170797797,-0.44428337616677566,-0.41697770737903184,-0.22469009142605495,-0.37519159427954746,-0.2976263894893259,-0.5773030702123654,-0.2909851074531183,0.0
-0.028154884894074826,-0.796742102953121,-0.4537974501704556,-1.385265320786926,0.7398691876711667,0.42632903092656593,1.3020610031497044,-0.7457615672460037,-0.44868491443246966,-0.28464535615463576,-0.18603821369657778,-0.34171347313677075,-0.36676747255760433,-0.3128322511662059,-0.11653150902308587,0.0
0.27817026275345963,-2.1693275788104827,-0.5269856860037585,-1.9374277976190535,0.7216499733845954,0.44348285333909904,1.2959436782056062,-0.5920432113100341,-0.4275816772900689,0.7290720503558619,1.1842916389312894,1.1774440659924446,1.6745890128659762,-0.2986016193466692,0.544537736996229,0.0
0.5844954104009941,-1.3483418736247712,-0.5008782406841177,-1.8546908423924848,0.7822638978379965,0.4605392108515614,1.4675607245055382,-0.7519083920084135,-0.4492927409510711,-0.8658347365320503,-0.92036349699769,-0.886142638993604,-0.8440986773855996,-0.6188759758184991,-0.8355001186158328,0.0
0.8908205580485286,0.6631757272933706,-0.16082603449147234,0.2092593806553768,0.5189028195289045,0.30664213363911824,0.08646792084728688,-0.4026962977744959,-0.38598198872503564,-0.40586694948934493,-0.3128646874964245,-0.44971748167197567,-0.41752234451350834,-0.4178470162344795,-0.18727450366203613,0.0
1.197145705696063,-0.838407127491296,-0.46188092696398453,-1.5333073929418612,0.8018845901466121,0.4605392108515614,1.3698257887707608,-0.8238422476222335,-0.4550564767296856,-0.31302322854834774,-0.24079504048000366,-0.3889262080817122,-0.4531583121882653,-0.1280043185767357,-0.2430790504039263,0.0
1.5034708533435974,-1.7191195427292683,-0.5257476760443893,-1.8905315246752183,0.7377669706381014,0.4605392108515614,1.3963341968618528,-0.8364756713801512,-0.4558120966826044,-0.05474941058491665,0.48110930086325077,0.31910874093556674,0.9155997241211514,-0.6890561002618555,-0.00045805179995441923,0.0
1.8097960009911318,0.41451968183524796,-0.30104886841886047,-0.1967636140425633,0.620743555797431,0.4605392108515614,0.7510275469448949,-0.4167927163707943,-0.3896684981923064,-0.7451115149232639,-0.41734554448391725,-0.534232179102342,-0.2660086004020415,-0.8303407320701791,-0.8676435375391616,0.0
-1.559780623131747,-0.7291647170950221,-0.45991467585204504,-1.5794837669589268,0.8227899706421005,0.4605392108515614,1.2124825006737248,-0.7178354949471616,-0.4456946993846241,-0.9856198466567473,-1.2725988639938675,-1.0768274618662725,-1.0121863934788284,-0.5680835668626142,-0.5494202560722534,0.0
-1.2534554754842127,-0.3885069610495261,-0.4522317316924297,-1.05035805578342,0.8095927192678537,0.4605392108515614,1.4791314786633674,-0.8181784077200953,-0.45469271753747464,-0.5836683917082109,-0.6192412120614826,-0.686623962243634,-0.684629751424187,-0.47501280217620817,-0.24136198742725257,0.0
-0.9471303278366782,0.35417723250409816,-0.2840444375063467,-0.4292395460371666,0.8313156286095347,0.4605392108515614,1.1614573716826426,-0.7127866183264157,-0.4451139336356864,-0.5138084021274102,-0.42298227665279936,-0.5386803210723613,-0.4778153171568472,-0.5641184506462305,-0.25750237940798404,0.0
-0.6408051801891437,-0.09023259203424218,-0.37838807882181347,-0.9422189527122742,0.8817688374031167,0.4605392108515614,1.4039215766374784,-0.8713376309166143,-0.4574995438309066,-0.7345870767111331,-0.8676197888460079,-0.8536087725497261,-0.8366508413169005,-0.4669122886789335,-0.33974969599064675,0.0
-0.3344800325416093,0.27941622172562447,-0.3139387368193526,-0.5339848398821139,0.8322499472908969,0.4605392108515614,1.274461909215866,-0.8171422367117219,-0.45462464929378194,-0.6656065666466662,-0.6843253374257532,-0.7325646846603069,-0.6912861280741416,-0.6076130996946607,-0.3262879222535262,0.0
-0.028154884894074826,0.35284313073317175,-0.3002842152086618,-0.52899696874664,0.8663525791606335,0.4605392108515614,1.151593777974329,-0.8244993316763238,-0.45509769236348113,-0.58794852535437,-0.573905780474617,-0.6536999079076492,-0.6163004216059029,-0.5248808282104822,-0.27690519104439526,0.0
0.27817026275345963,0.5712253283125707,-0.23452403913157455,-0.08481933092992226,0.7251536684397049,0.4605392108515614,0.6878626103128117,-0.6954946371080879,-0.4430333767680765,-0.10074618928918722,-0.42479408342136843,-0.5400849974839463,-0.6991195469365882,1.0245795553403063,0.7588271964850875,0.0
0.5844954104009941,0.07647881772503148,-0.34255861411536065,-0.6350277963893899,0.8050379156962109,0.4605392108515614,1.3134894939367407,-0.7979014677432286,-0.4532646374584113,-0.4885087080408674,-0.5393807959402142,-0.6281426009746438,-0.6493793665431774,-0.36926826111718913,-0.060211843388193693,0.0
0.8908205580485286,0.29927381346980403,-0.3149946864905794,-0.5674601399768909,0.6840436464597492,0.4605392108515614,1.195410896178567,-0.6490466570281332,-0.4367292582352534,-0.1358374219909155,-0.45760791711878923,-0.5657593607845839,-0.7621927744611581,0.863055802721975,0.5613649541676298,0.0
1.197145705696063,0.2520158238150513,-0.3593081606244748,-0.4302165517234966,0.5797503236526453,0.42632903092656593,1.165820115053627,-0.48946508953258766,-0.4071799385612595,-0.12803937027942022,-0.1471850241039263,-0.30753301378820164,-0.3502888815827167,-0.09093169824686574,0.41489948225737616,0.0
1.5034708533435974,-0.4067225813833338,-0.4206988897861409,-1.2597972221214024,0.8304980997633421,0.4605392108515614,1.042240666958125,-0.8092179153414523,-0.4540860358975898,-0.9851801068985804,-1.0188251292762696,-0.9441089522450131,-0.8301568153169447,-0.8108800389836331,-0.9533078094454047,0.0
-1.559780623131747,1.0325166714137923,0.3023717506007902,1.0030507901224608,0.5108443209021508,0.4605392108515614,-0.4245895281646953,0.040358069979281576,-0.22133385810238101,0.10519859745236836,0.12196893696019294,-0.05586182337921601,-0.23189467007102407,0.30781790309646084,0.223962079251278,0.0
-1.2534554754842127,0.9523679419450374,0.13403880818419328,0.8341316490912133,0.45548593903141515,0.4605392108515614,-0.17358952096228078,-0.19335605746492493,-0.3199391395617935,-0.02036176149625549,-0.03445038072628492,-0.20522574847775826,-0.34785362183273333,-0.15612502008679469,0.35445886547846756,0.0
-0.9471303278366782,0.8759649597561923,0.05917561769997884,0.5943538851250916,0.5305818030459362,0.4605392108515614,0.05924819590223017,-0.4187864329451712,-0.39018681601125077,1.527727399138808,1.486058121829655,1.594008659605829,1.3888518688679246,0.45900316251256457,1.3596275320231608,0.0
-0.6408051801891437,0.6529134059785492,-0.1323518054259784,0.12924775708014943,0.7056497659662604,0.4605392108515614,0.5213670453614274,-0.38385427212087786,-0.38089560482708174,0.8767952931161036,1.2533416080000952,1.2701527091570568,1.4822034926172882,-0.059405375446661274,0.48461223911032203,0.0
-0.3344800325416093,0.8646250947033144,0.01759304788822149,0.5081202779685006,0.7405699266821895,0.4605392108515614,0.2697505635522433,-0.7657773584321422,-0.4505973822885143,1.23380534477997,1.3537962277241007,1.4079670726492335,1.2861650827436248,0.5599555078990219,0.8443369327234298,0.0
-0.028154884894074826,0.898901247894818,0.054514874323529555,0.605718003897666,0.7072848236586453,0.4605392108515614,0.1601603469180506,-0.6651087116836765,-0.43902838285783985,1.7912780942002433,1.466530871101742,1.5661492441093927,1.0751092377450637,0.9801118716375488,1.795589821800574,0.0
0.27817026275345963,0.8825328453976777,0.0649651348629117,0.6013471889851373,0.7517817508585406,0.4605392108515614,0.22925292399984112,-0.8164402238334202,-0.45457822966582023,1.5617339404370576,1.260186211348023,1.2794391809892025,0.7648571455971792,1.1355298317999765,1.5112441928634348,0.0
0.5844954104009941,0.8681655955569276,0.07712676211083364,0.686603790455399,0.5660859129377167,0.39211885100157046,0.04241369702506061,-0.3270193094935712,-0.3645321655711721,0.5017852273512671,0.5535815716060202,0.4000337097585493,0.2281056028695893,0.06061844916461084,0.6691965091027284,0.0
0.8908205580485286,0.6743616575265258,-0.09958095356032039,0.2576468728046623,0.7693002261340893,0.4605392108515614,0.49832037929296424,-0.6683660514389964,-0.439480089551458,2.7387706931307876,2.0100729016725136,2.381719976191348,1.5252264148669945,2.1357121529830057,2.2152400132995886,0.0
1.197145705696063,0.9032627344536172,0.1466373801236573,0.7477437778788854,0.5866409239276945,0.44348285333909904,-0.11028232095940477,-0.629277974375157,-0.4337327983944085,0.3925538714225785,0.8740700577796008,0.778750077837559,1.0781533124325433,-0.34608571047784126,0.10685838424214215,0.0
1.5034708533435974,0.6339281115461295,-0.13693972468717053,0.13886354988771174,0.7760740365739688,0.4605392108515614,0.6965406759311835,-0.700574402295479,-0.4436588968668426,1.989747305052959,1.6144950905348965,1.7795039835134754,1.1672432316194354,1.720956131575995,1.5950368661251038,0.0
1.8097960009911318,0.966991749818658,0.2566746182770114,0.9189254583942659,0.461675800295443,0.4605392108515614,-0.3074119317548773,-0.3185109134085544,-0.361953066062449,0.7009287058331723,1.0188132874019655,0.9608897858730852,1.0460890590577618,0.03339780470980481,0.4174750767223866,0.0
-1.559780623131747,0.47578574008473196,-0.20604981006608053,-0.11587782748483048,0.5795167439823045,0.2895857761266559,0.49855748491095253,-0.4990686257077552,-0.40930420897986475,-1.3566869125900196,-1.79933135398958,-1.2747073494693935,-1.1333872418523772,-0.9113458670429265,-1.6195797562840404,0.0
-1.2534554754842127,0.451412726962031,-0.1877709571365691,-0.05895439091813618,0.43586524672279964,0.42632903092656593,0.5877566183981511,-0.15654250212678308,-0.30614855502160754,-1.235497566837576,-1.4880830823357023,-1.1705037710033102,-1.0500972996366948,-0.8410441132677794,-1.4641340450057843,0.0
-0.9471303278366782,0.5183230619346667,-0.18638729894668574,-0.07057561645027065,0.5544069294206838,0.44348285333909904,0.49907911727052706,-0.3935701303565737,-0.38354235625996425,-1.3591846344164085,-1.7878968401612765,-1.2715390237854847,-1.1275446478355418,-0.917281378434323,-1.6361837552684735,0.0
-0.6408051801891437,-0.021782908864383378,-0.32016519867382764,-0.6367761223544014,0.5631661670584588,0.4605392108515614,0.958826910549841,-0.25173544842449547,-0.34047410054125526,-1.2619904214679452,-1.6026496636682306,-1.2131513076106002,-1.087336479980191,-0.8668295316074527,-1.3631364007178464,0.0
-0.3344800325416093,0.4334023530545194,-0.22822475316184246,-0.2085391036304342,0.536888454145135,0.44348285333909904,0.5441766058119019,-0.2853197445224494,-0.35153779213840064,-1.3386106769309671,-1.7588072759325815,-1.2632358254414489,-1.1239364046393165,-0.9062374351077083,-1.5580230485702937,0.0
-0.028154884894074826,0.39912619986301584,-0.224110190649821,-0.18930751801530907,0.5450637426070571,0.4605392108515614,0.7170740224489701,-0.25190393151528784,-0.34053654847124853,-1.3407478121556589,-1.843740751005844,-1.2865690613894447,-1.1522564461484983,-0.8476120971844886,-1.5167620252408285,0.0
0.27817026275345963,0.5143207566218864,-0.1548544570403969,0.022034238343421202,0.31206802144225126,0.4605392108515614,0.28857674962051394,0.16242406925838343,-0.1593959195373648,-1.2693047594454567,-1.6135607666522809,-1.2169517376797219,-1.0957442142670086,-0.8675593075981982,-1.434102613543764,0.0
0.5844954104009941,0.3793199197254107,-0.22010486431068496,-0.1783547700580317,0.35808321649936037,0.39211885100157046,0.1878068619754864,0.11409750271609347,-0.18477059509130692,-1.359548152616493,-1.8314405961658904,-1.2833617169163256,-1.1395301845717103,-0.9008857445089081,-1.576258257382567,0.0
0.8908205580485286,0.2302597026276298,-0.2543321984814834,-0.30598256550386344,0.3610029623786183,0.4605392108515614,0.4134365680531532,-0.10181357813438151,-0.2844478993489376,-1.2708057378200002,-1.6417242963103738,-1.2265581635833953,-1.1066217078169347,-0.86780256626178,-1.3960353273509116,0.0
1.197145705696063,0.32072206501778056,-0.24034996835213598,-0.2625829444900512,0.37069651869775555,0.39211885100157046,0.29820323771083884,-0.15595281130900962,-0.3059195792782988,-1.2242021182494591,-1.3066407000566516,-1.0927939504112891,-0.9258219358287925,-0.8977233818823445,-1.5479095476376865,0.0
1.5034708533435974,0.3035326768154549,-0.23091924542635214,-0.22232002594287703,0.14342349945629568,0.39211885100157046,0.16058713703042968,0.2749146128774501,-0.09599045461750617,-1.2082454282247719,-1.268794069779872,-1.0750169900468962,-0.9080242458226637,-0.8926149499471261,-1.5338124605991967,0.0
1.8097960009911318,0.5630667828672878,-0.16643349136626276,0.01365255798174883,0.5795167439823045,0.30664213363911824,0.2980135532164485,-0.23991355155389457,-0.3364462090566877,-1.2745171413789298,-1.6115677792068546,-1.2162572032317716,-1.0933251895820253,-0.874857067505653,-1.4636017554830156,0.0
-1.559780623131747,-1.2085690573169037,-0.47353278540510746,-1.2012283022935206,0.18967227418374566,0.3750624934891092,-0.6498872863771782,-0.5028594952505844,-0.4101316440522759,1.32275003986522,0.9322491862369908,0.8513250257694525,0.21424491612593377,2.8204852909658413,1.1549536252036743,0.0
-1.2534554754842127,-1.1064589602344306,-0.47717399116795833,-1.321965636583131,0.24608176457101472,0.25537559620166045,-0.13901952185958652,-0.4208643910649442,-0.390718664215027,2.795350542014944,1.4778043354395063,1.5821469476857777,0.29219352195665227,4.772149548882818,2.627335127701239,0.0
-0.9471303278366782,-2.560322020905178,-0.5155887119660353,-1.577941126401564,0.3687110914998599,0.39211885100157046,-0.06807752095748723,-0.5947108602475806,-0.42804587356968576,2.6792592458588507,1.6179173922088605,1.7845764261108654,0.6331704746168274,3.4629314214854396,2.4049754722220156,0.0
-0.6408051801891437,-0.9728435367154563,-0.46799815264557404,-1.340940115438696,0.34395164644375,0.3750624934891092,0.01614239455195699,-0.5302099169892192,-0.41588830239882446,0.2272117223517781,0.301136495185373,0.12557554645051747,-0.03524744525986491,0.0855038104490315,0.3082698714059493,0.0
-0.3344800325416093,-2.018420143876034,-0.500404883934947,-1.3903560346262236,0.2102272851737234,0.3750624934891092,-0.32144858433978474,-0.40087106429091146,-0.3854980172675876,1.6417665764234555,1.2670308146959515,1.2886476152429267,0.62545881874188,2.716613841616402,1.2423521307163576,0.0
-0.028154884894074826,-1.3570648467423694,-0.4787761217036127,-1.260157171584787,0.31603887583804124,0.44348285333909904,-0.11786970073503006,-0.3150289295321779,-0.3608841656607304,0.43567768370682447,0.4666148467146969,0.30303299978076037,0.05822594147699777,0.8498955090221982,0.323723438196011,0.0
0.27817026275345963,-2.8319143545019263,-0.5323382584751494,-1.350298801486698,0.21057765467923412,0.40927267341410356,-0.3480992558016697,-0.4016573187146094,-0.3857061770342319,0.13301946615240193,0.10666923535894138,-0.07084503843612315,-0.26870767995827305,0.13177160826229456,0.3996176217649818,0.0
0.5844954104009941,-1.2747610297975018,-0.4856944126530294,-1.4628601408222843,0.33273982226739884,0.357908671076575,0.18913465343622116,-0.46809581751708357,-0.40229963283228354,-0.12581135550470732,0.04989928994377212,-0.12562741848793962,-0.14899436941533936,-0.35805403672606706,-0.050596290718821754,0.0
0.8908205580485286,-2.115245145481374,-0.508415536613219,-1.2253963376922077,0.20870901731650957,0.40927267341410356,-0.22708054838044112,-0.26965081707875516,-0.3464482858439471,1.6619946052991388,0.8821225323065754,0.788738887875497,0.014918905589792919,2.062004777917713,2.24631885317738,0.0
1.197145705696063,-1.7893138205226464,-0.49243064331430353,-1.1255360722789096,0.25997975495628417,0.39211885100157046,0.01116317657420271,-0.2457823792164969,-0.33845495080480537,0.0066675756390774605,-0.09786361762620827,-0.26328570682327307,-0.44368109299458,-0.00895352861979091,0.5424772614242206,0.0
1.5034708533435974,-1.6699117120246996,-0.4821988551206925,-1.066298674876171,0.18570141978795437,0.357908671076575,-0.18667775107523488,-0.3664162722238633,-0.3760423598677695,0.17620191040440358,0.0015844427819254926,-0.17151351459971742,-0.40674632011983186,0.18000980125057026,0.8093088479992895,0.0
1.8097960009911318,-1.4731830124195733,-0.4930860603516167,-1.3999718274337865,0.284622410177223,0.39211885100157046,0.4407511352454053,-0.38520213684721727,-0.38126925160820835,-0.6732580384387724,-0.5889437766537416,-0.6647032064650654,-0.6281520190558222,-0.5790545325901545,-0.6748345358884892,0.0
-1.559780623131747,1.2860473194964552,2.539419335123495,2.061662161936859,-0.7996544195441132,0.20401159386413184,-1.7638569008098102,1.3509880332534487,0.8178933688810344,-1.139968501773372,-1.2947029065704125,-1.0872454785855283,-0.9809602753346665,-0.8116098149743786,-1.303399779759374,0.0
-1.2534554754842127,1.289639131956643,3.0909891840801493,2.1049589402468474,-0.5694616544233954,0.3750624934891092,-1.898912260815946,0.86474583322655,0.3360451410527717,-1.179134656234115,-1.352680723164628,-1.1136846101546956,-0.9991273130695426,-0.842990182576434,-1.3826937480221582,0.0
-0.9471303278366782,1.297643742582203,3.456202122094094,2.2227138361255556,-2.900236394917656,-0.08662873814822133,-2.0633212963290335,4.632813997768563,7.041037752479505,-1.207307316740682,-1.4876401962367187,-1.170332088330783,-1.06332278946223,-0.8283946627615244,-1.3381359637774797,0.0
-0.6408051801891437,1.2816858329376561,2.6282283436794285,2.0126576135646284,0.17612465330398688,0.30664213363911824,-1.6591036387825793,-0.36784837849559887,-0.3764451490162262,-1.0201540756647975,-1.001612964974862,-0.9342371985747071,-0.8129882340795617,-0.8305839907337609,-1.1821064510871546,0.0
-0.3344800325416093,1.294205864941738,3.6524631127117573,2.113083513848959,0.23802326594426237,0.15274505642667402,-1.826642468453112,-0.19812974503737657,-0.32167727361327353,-1.2102095991445845,-1.352600198419358,-1.113653395123327,-0.977794437659688,-0.8675593075981982,-1.4908687155525915,0.0
-0.028154884894074826,1.2941032417285898,3.057125970485636,2.1870788392504705,-2.5405237025930423,-0.1550490979982123,-2.0425508441932583,3.3512192871409554,3.995035887173229,-1.1945841797377164,-1.396546578150321,-1.1328506394149889,-1.016945296906921,-0.8507744598110523,-1.3808908318966508,0.0
0.27817026275345963,1.2865604355621962,2.6123526865533986,2.053229060223275,-0.41833560771298856,-0.17210545551067463,-1.7573127857533333,0.4408142962777111,0.008630644097927093,-1.10452547726511,-1.1545697186147403,-1.0180963803463339,-0.8931285736852652,-0.8305839907337609,-1.3184069101755005,0.0
0.5844954104009941,1.2840461668400651,2.3572862228656932,2.133240683798502,-2.7037958921611627,-0.8219039442854438,-1.9037966365465049,4.339372614638448,6.273656772745234,-1.1178056179617541,-1.127916027930455,-1.0041198500510626,-0.859298756991746,-0.853936822437616,-1.3795686934046123,0.0
0.8908205580485286,1.2882024069725675,2.4103021787728025,2.1185341771516417,-2.6399118523229927,-0.44568943001056543,-1.874253276545163,4.076819798153607,5.622428942798492,-1.348252704028376,-1.6271895797891849,-1.2216339923850055,-1.0561793608622787,-0.9217573378442286,-1.7324594763705592,0.0
1.197145705696063,1.2887155230383085,2.7683783534915594,2.116374480371334,-1.3052376159964691,-0.44568943001056543,-1.8765294904778504,2.4871818365272063,2.386585370312599,-1.2637347225086746,-1.4628989682525901,-1.1604603346604772,-1.0152385856988075,-0.90112900317249,-1.5545202400978797,0.0
1.5034708533435974,1.2799412383141364,2.4328412424448493,2.0473670261052956,-0.9445906049904922,0.30664213363911824,-1.7504367228316724,0.601406762318011,0.12250444444070009,-1.03278926471613,-0.9060099611533584,-0.8773868226947239,-0.7009256979178259,-0.8040687964033421,-1.35906696146313,0.0
-1.559780623131747,0.6027306547490725,-0.16151786358641404,0.049647504320218715,0.7997823731135453,0.40927267341410356,0.7542047622259379,-0.6711179419219391,-0.439855817930251,-0.2929710955759314,-0.06786815001322855,-0.2358945167973648,-0.21072820407741844,-0.2670023189473902,-0.3993317812812189,0.0
-1.2534554754842127,0.6437799400083581,-0.14844593489777938,0.08019178735600628,0.7617088868480187,0.39211885100157046,0.2920859127667411,-0.8655277723357893,-0.4572588070607824,-0.7181114937718087,-0.6766150930661753,-0.7272035030227574,-0.7039494787740552,-0.547114670061861,-0.754351722338241,0.0
-0.9471303278366782,0.6039621333068512,-0.17378872700722156,0.0017742256900536043,0.8167168992132438,0.4605392108515614,0.7964095622278554,-0.7932176378191996,-0.45290660265978305,0.037625254614035875,0.29006434271078335,0.1141040224225732,0.09512012668924606,0.1786475527345121,-0.19173886740138724,0.0
-0.6408051801891437,0.8121333211780032,-0.06247706683686972,0.32999671494498684,0.7785266231125462,0.4605392108515614,0.1952993995039168,-0.8309690823627526,-0.4554921551212721,-0.8488314658829255,-0.9496946354621942,-0.9037869354746805,-0.8864113155415612,-0.4267016315888579,-0.8460943971819085,0.0
-0.3344800325416093,0.7229024373456311,-0.11440066101512344,0.18971926692877875,0.7938260915198584,0.4605392108515614,0.209336052088824,-0.8490613582623443,-0.4564886159241984,-0.34969752437947743,-0.008279838513617946,-0.18079998643186287,-0.05010252973476358,-0.4421242308599455,-0.5763438035464946,0.0
-0.028154884894074826,0.6978623733374669,-0.13475500122946005,0.1400976623336022,0.8351696931701561,0.4605392108515614,0.8204520718918692,-0.8657833050234911,-0.45726983952841455,-0.1906583118424042,0.08170656432532093,-0.09495865016833294,-0.054587466440983126,-0.15308428679202185,-0.36505920426681493,0.0
0.27817026275345963,0.7187461972131285,-0.10096461175020374,0.22885091573388672,0.719314176681189,0.44348285333909904,0.6330437914339166,-0.6983111127758342,-0.44338204437720574,-0.7545805777157937,-0.7608641078046448,-0.7846079457095324,-0.7621318929674085,-0.5038146279442962,-0.7328884351298217,0.0
0.5844954104009941,0.7277770399701713,-0.09532074281778474,0.2657714464067742,0.7528328593750739,0.4605392108515614,0.6123207604217393,-0.6142268182643682,-0.43132647149200015,-0.8544601347874634,-0.8331149354979227,-0.8317660543495788,-0.774815537498572,-0.5419819122602845,-0.9797162380266438,0.0
0.8908205580485286,0.4469486171900835,-0.2449014755556996,-0.23121591982367035,0.8003663222893969,0.4605392108515614,0.9667462381906506,-0.8160611368791373,-0.4545528341742896,-0.4861634293306434,-0.32876832468719885,-0.462749757268348,-0.4522653836132714,-0.2075985533007087,-0.6437041841213978,0.0
1.197145705696063,0.5541898749299672,-0.19064750968922123,-0.06152545851374089,0.7721031821781774,0.44348285333909904,0.8299837177349986,-0.7629215700432108,-0.45033634994114236,-1.0506426988977111,-1.088660214611455,-0.9830262926037608,-0.8795317067478581,-0.7697693248383047,-1.254120072328843,0.0
1.5034708533435974,0.21543064832771314,-0.3042531294901692,-0.5101253325948997,0.6829925379432159,0.44348285333909904,1.0544278957227236,-0.5748860165643401,-0.42451964712273105,-1.0219423506813432,-0.9797303654478089,-0.9215170732920205,-0.7972808086921688,-0.7666069622117411,-1.2810951316923846,0.0
-1.559780623131747,-0.2355470618521132,-0.372270853140224,-0.8540827555349348,0.7086863016806895,0.4605392108515614,0.9388626175152259,-0.7568337143625783,-0.4497665125799536,0.46552135529442656,0.6661149031204875,0.5291859020459508,0.42150581468077053,0.6877636097449122,0.13227091629691087,0.0
-1.2534554754842127,-0.7143869744016793,-0.4107219859959294,-1.1176171840844464,0.6541454486561449,0.4605392108515614,0.8999772961651448,-0.6507876489663215,-0.43698737634589235,2.488998510491919,1.676700456255774,1.8711981381586091,0.8340185224967078,3.94701616201327,1.8800693202529122,0.0
-0.9471303278366782,0.25745485411190694,-0.29547782360169855,-0.4762900830367378,0.7753732975629474,0.4605392108515614,1.0286782256091944,-0.7454863781977095,-0.4486568128639727,0.37317600607935186,0.426956409669348,0.259644106178467,0.050250465795801995,0.6495719995625657,0.3225214941123397,0.0
-0.6408051801891437,0.054260892078442875,-0.3098241743073311,-0.5478171835464688,0.6761019376681667,0.4605392108515614,0.9721996674043815,-0.6782082719927864,-0.440809189661482,-0.9064666901866832,-0.6941493563486619,-0.7393617577408099,-0.562907351587517,-0.6433477973748307,-1.269367591561704,0.0
-0.3344800325416093,-0.2606384374668512,-0.3870177364797701,-0.969112319762302,0.7503802728364966,0.40927267341410356,1.1772011847170658,-0.7753163094225058,-0.4514412619824904,0.8096616900359382,0.8156896174590368,0.7073456935819862,0.4176296929120471,0.9388308764277132,0.6274718787695612,0.0
-0.028154884894074826,0.3855799357274517,-0.23568922497568687,-0.2065336709058623,0.6996934843725735,0.44348285333909904,0.5087530264844499,-0.7464551559697659,-0.44875464795429554,0.48349205341151896,0.34220411527294214,0.1688083648959682,-0.1859494361213374,1.4136961136057928,0.5277105198248282,0.0
0.27817026275345963,-0.28732047288538737,-0.3922246607206469,-0.9419104246008015,0.7568037137708652,0.4605392108515614,1.1307759047149561,-0.7558312399723635,-0.4496710713269471,0.9462448589226152,0.9547961149125194,0.8794965915795744,0.5842014598109113,1.528781787346354,0.6060085915611421,0.0
0.5844954104009941,-0.11819741761713025,-0.3593809847397318,-0.8019929260479779,0.7189638071756783,0.42632903092656593,1.137983915501801,-0.5742963257465667,-0.4244145264405757,-0.31428381585509324,-0.2144231864041627,-0.36629531033950896,-0.4236307877197167,-0.06059734289821225,-0.3247082243149865,0.0
0.8908205580485286,-0.07237615294645275,-0.3650612657297792,-0.8424101086508883,0.7997823731135453,0.4605392108515614,1.2563944611251576,-0.45781834897874646,-0.3998672859590447,0.8820428542302301,0.8738687459164268,0.7786720402591375,0.4637981590054824,1.1233182468881688,0.6415517951782843,0.0
1.197145705696063,-0.48020080199745496,-0.4058063582160807,-1.075554518220349,0.7184966478349966,0.4605392108515614,1.2071713348307869,-0.7227776656104056,-0.44625152676039764,1.591049924314859,1.2078451269226897,1.208893210096265,0.5717207535922463,2.445380431722668,1.347608091186446,0.0
1.5034708533435974,-0.12717694876759914,-0.34521669432224183,-0.730928617705456,0.6728318222833981,0.44348285333909904,1.0679429159480567,-0.5622217042397772,-0.4221705641561499,2.0102684937674202,1.3660762513777367,1.4250573023235178,0.5484640229799049,3.530070812634023,1.6359029649699341,0.0
-1.559780623131747,1.2875866676936782,2.8528543271897004,2.0211421366301243,-0.1385071626448798,0.25537559620166045,-1.796909423957379,-0.23053465949978363,-0.3331989166970364,-0.8171702032949,-0.7155890697767312,-0.7540874487889264,-0.6126881196434275,-0.7700125835018866,-0.7565839042079167,0.0
-1.2534554754842127,1.28748404448053,2.712048900340256,2.01954807472085,-0.03771753489288532,0.27243195371412277,-1.7788419758666707,-0.28363491361452525,-0.35100698473345765,-0.9092810246389522,-0.8536688767280247,-0.8448295449773197,-0.7102608602927623,-0.8157452122552696,-0.8683647039893644,0.0
-0.9471303278366782,1.292666516744515,3.220251988661356,2.0618164259925957,-0.0026805843417865,-0.1550490979982123,-1.9058357448612044,-0.39371053293223396,-0.3835746210237941,-0.900896653249901,-0.7949260750537465,-0.807090572052735,-0.6210694719496205,-0.8254755587985426,-0.8570149177135522,0.0
-0.6408051801891437,1.3014408014686873,5.212355661517082,2.2014768177858586,-0.7365879085521359,-0.5141097898605564,-2.1420545878382287,0.05189916169856179,-0.21578640032131,-1.1449815350164763,-1.1740365757837008,-1.028147620447009,-0.8527641433292904,-0.895534053910108,-1.3051168427360473,0.0
-0.3344800325416093,1.2992857139925749,4.570046964950183,2.178388630777326,-0.4400585170546695,0.050114516651688694,-2.0150465925066157,-0.05146521450258262,-0.26320519516288515,-1.1641835044564361,-1.4126917895769047,-1.1397257500739135,-1.023565144660626,-0.8320435427152518,-1.1549081735366455,0.0
-0.028154884894074826,1.2845592829058061,2.861957341596828,2.0188281757940802,0.03469216291271865,0.44348285333909904,-1.7395772855278084,-0.4871905678068902,-0.40667619192598026,-0.9087240209452739,-1.0737832679228698,-0.9748947769322517,-0.9418743563474329,-0.5245402660814676,-0.7953895274807388,0.0
0.27817026275345963,1.2842001016597873,2.992676628483175,2.033586103792853,0.08736437857453731,0.42632903092656593,-1.7255880540664987,-0.15235850537210488,-0.30454572481844633,-0.9860889023987921,-1.1150924622462484,-0.9972915619391911,-0.9323768433224976,-0.619654403541961,-1.0065195910925178,0.0
0.5844954104009941,1.2848671525452504,2.8779786469533715,2.0096237538018147,0.5504360750248926,0.357908671076575,-1.6395187147367458,-0.7377867009484962,-0.44786892814722395,-0.8835709067781203,-0.8981789296758758,-0.8725797078639662,-0.8098223964045834,-0.7060355549798668,-0.8831142749589901,0.0
0.8908205580485286,1.2854828918241397,2.954079847396956,2.0205765017590918,-0.34709380825908775,0.050114516651688694,-1.8331865835095893,-0.23477481728472605,-0.33467685104021105,-1.0734212183707628,-1.199522657661575,-1.0410784471914334,-0.9384244050349565,-0.7819322580173961,-1.1274008246503353,0.0
1.197145705696063,1.2847132177255283,2.7272327283713445,2.0066927367428247,-0.028491137914429802,0.23822177378912732,-1.8200509322730372,-0.024367517400136457,-0.2512672325458336,-1.000834842289326,-1.0942365532213847,-0.986069758162195,-0.9016925704727069,-0.7644176342395046,-0.9940193726223344,0.0
1.5034708533435974,1.3029801496659104,6.015605652801989,2.2383973484587463,-0.7869243275105482,-0.44568943001056543,-2.1816701944917134,1.0965785661569079,0.5516258033779574,-1.2776217040715891,-1.5483357229837884,-1.1935560716689888,-1.0459370642304733,-0.9072104697620356,-1.4390305842868172,0.0
-1.559780623131747,0.8524129323386773,0.011548646321889022,0.5016926089794882,0.648189167062458,0.44348285333909904,0.05659261298076119,-0.4008991448060435,-0.3855042620605869,1.4635253944464224,0.910306193150986,0.8237777605867014,0.3153893710752442,1.7309297367828496,2.0713501358543454,0.0
-1.2534554754842127,0.8165461193433763,-0.021513502004797035,0.43535906501287935,0.7909063456406005,0.4605392108515614,0.3226725374872316,-0.7664709471559042,-0.45066024653804093,1.1029387927494643,0.8466916443878879,0.7451939191163609,0.26619712412557955,1.4111175717718256,1.2282722143076346,0.0
-0.9471303278366782,0.835223544136351,0.02363744945455396,0.5702886924302294,0.5838379678836064,0.44348285333909904,0.04976397118269815,-0.06410144631201344,-0.26864857306063405,0.8205379200546025,0.7474448958429287,0.6251721235042618,0.30544539376281205,0.7612520520129814,0.8872635071402686,0.0
-0.6408051801891437,0.8841235052014752,0.04832482452668307,0.5972849021840817,0.777241934925672,0.4605392108515614,0.1565563415246285,-0.7635505735821692,-0.4503940101965028,0.9026226749124465,0.8811159729907038,0.7874902866207546,0.5267090358800532,0.6183132612923016,0.9226350044597436,0.0
-0.3344800325416093,0.8816605480859179,0.056080592801555515,0.6184190778199544,0.7462926286055355,0.4605392108515614,-0.1425286850058132,-0.46422070642885804,-0.40138789305438144,1.5327111163980338,1.1273203816529456,1.1018256525021168,0.46497520121797403,2.5183580307972155,1.3644353083578469,0.0
-0.028154884894074826,0.7667225493599183,-0.03524084773074494,0.41237372070817085,0.7671980091010239,0.4605392108515614,0.2925601240027177,-0.46520352445848046,-0.40161686879769015,1.4547305992830821,1.2577704689899312,1.276317677852347,0.7931264525282365,1.9301585822563643,1.1146026452518458,0.0
0.27817026275345963,0.9938790316634901,0.18304943775216628,0.8231789011339362,0.8052714953665517,0.4605392108515614,-0.06594357039559225,-0.7401314239620239,-0.4481124750741978,0.7297463179850512,1.1106114970094738,1.0798970929657064,1.2226453909315578,0.8189773328809483,0.11166616057682831,0.0
0.5844954104009941,0.7717510868041808,-0.047184002632895856,0.3494854073196724,0.8126292549822814,0.4605392108515614,0.43667291861600616,-0.7358266809922779,-0.4476638907770793,0.6344693703821963,0.6864474013010975,0.5529873634644753,0.29901224925660574,1.108138906280663,0.3942947265372936,0.0
0.8908205580485286,0.8840721935949013,0.048543296872454095,0.6199102970254053,0.4863184555163818,0.39211885100157046,-0.030946781180519405,-0.6159397296874244,-0.4316054055793036,1.4603006362198643,1.1943572320900075,1.1907884919025027,0.6206694745669126,2.503275993655142,1.0637775811423091,0.0
1.197145705696063,0.9265582038382617,0.1041080968135588,0.7111317753174703,0.6729486121185679,0.4605392108515614,-0.29456080725991146,-0.5212241521469572,-0.4140377620733565,1.393929248720522,1.1752326050884432,1.1651921661802862,0.6641794487666159,2.296019612283428,1.073049721216346,0.0
1.5034708533435974,0.8919741810073137,0.10716670965435354,0.6892262794029161,0.35095903655397026,0.03305815913922634,-0.16306203152360027,0.31001525679253583,-0.07495591019809804,-0.2947007386247218,0.16041950282649556,-0.01777948510957737,0.22648209636960034,-0.47827246826820463,-0.5950254487327028,0.0
-1.559780623131747,-1.8156366746951633,-0.5150789431592361,1.1337124453311065,-2.3143017918681146,-2.5146743287222497,-1.7389608109210386,1.181494043916283,0.6370025316671236,0.2291172613038353,0.6536335676036771,0.5146709124595723,0.7373792980848668,-0.33698783645988106,0.04435729189122513,0.0
-1.2534554754842127,-1.4035531622985102,-0.5032814364875993,1.535210361060782,-3.027537315253315,-4.669233409696458,-2.1446864601978985,1.7548981629131226,1.3044668234121228,1.3843136060086028,1.7236061203753996,1.9412758835810184,2.220290135174755,0.4747663239126668,0.7090323701615544,0.0
-0.9471303278366782,-1.929702376109403,-0.5357974039498576,1.3277252060954592,-2.0350572959758577,-1.7452864075601038,-1.5339118724847567,1.1566427880244026,0.6117111200198393,0.676918915037253,1.1057800122932895,1.0735760491135733,1.3204616575558907,-0.09472653339874221,0.3017450320945898,0.0
-0.6408051801891437,-3.0526055743771603,-0.5320833740717498,1.3590408094099276,-2.147058747904203,-2.822468483147137,-1.7898910976649256,1.3033073185591963,0.7656452674533111,1.5406264320450405,1.1192679071259717,1.091212541836808,0.4280404283432259,2.5436569318097253,1.4065033512863487,0.0
-0.3344800325416093,-0.32883156260383956,-0.48445640269366,1.4110792175449727,-2.1421535748270495,-3.4380567919969107,-1.9250887210418544,1.0797021765625345,0.5350458779647377,1.21287373229122,1.1979808456271461,1.1956268217646289,1.0034720134330524,0.5059520845838569,1.1649125904683808,0.0
-0.028154884894074826,-1.8962472086230855,-0.5008054165688607,1.5643148462430303,-2.7243509031511404,-3.5577436892843584,-1.9965049331799303,1.6248292168213812,1.1392920485798583,1.8610501358294105,1.683142435877353,1.8807967603044402,1.5091942881796039,1.0569329575966888,1.4590454783725586,0.0
0.27817026275345963,-2.3815523836009893,-0.5214874653018537,1.234909665894119,-2.299119113295971,-2.3265670715848112,-1.9413541664358518,1.2636014701624514,0.7229725152912262,2.6332331511707023,1.8782136312933078,2.1761689946294047,1.236851072806461,2.747750950554876,2.107751870959824,0.0
0.5844954104009941,-2.0080038877414905,-0.5404217352686784,1.380329249101537,-2.464376730061987,-3.284159714784468,-1.9500322320542236,1.5659443765894334,1.0670606095542805,1.3563168414053024,1.6513351614958043,1.833818138094763,2.0731598586132582,0.16307899826527536,0.8845162063775909,0.0
0.8908205580485286,-0.7434806553291983,-0.5004412959925755,1.0401770062029967,-3.005814405911634,-4.652079587283925,-1.8436192307010744,2.2288410973121757,1.9756779909567197,-0.029566980433885004,0.21839731942071108,0.04051458597120168,0.05737360056450354,-0.2950743687247327,-0.04424315770512957,0.0
1.197145705696063,-1.3999100382317489,-0.5195940383051713,1.7537511066872058,-4.466037715046261,-5.4215649733461415,-2.2186918656844066,2.759562833308271,2.854736685495666,0.8973457978144423,1.2646150723378589,1.2854480745276495,1.5382144668669062,-0.13936449816600696,0.6592375438380218,0.0
